sched_dep_time,act_arr_time,original_index,unique_index
7:10 a.m.,9:32 a.m.,0,0
7:45 p.m.,,1,1
6:30 p.m.,,2,2
6:40 a.m.,9:28 a.m.,3,3
12:15 p.m.,2:50 p.m.,4,4
11:25 p.m.,,5,5
7:00 a.m.,9:45 a.m.,6,6
4:15 p.m.,7:39 p.m.,7,7
11:50 a.m.,4:09 p.m.,8,8
6:00 a.m.,9:05 a.m.,9,9
10:45 a.m.,1:40 p.m.,10,10
7:55 a.m.,11:01 a.m.,11,11
10:15 a.m.,11:56 a.m.,12,12
7:30 a.m.,8:06 a.m.,13,13
1:00 p.m.,3:30 p.m.,14,14
9:05 a.m.,1:27 p.m.,15,15
11:45 a.m.,2:10 p.m.,16,16
7:25 a.m.,11:06 a.m.,17,17
6:45 a.m.,7:40 a.m.,18,18
11:35 a.m.,2:27 p.m.,19,19
10:40 a.m.,2:46 p.m.,20,20
3:35 p.m.,3:33 p.m.,21,21
7:15 a.m.,10:36 a.m.,22,22
6:45 p.m.,8:53 p.m.,23,23
12:00 p.m.,3:16 p.m.,24,24
6:00 a.m.,7:51 a.m.,25,25
7:10 a.m.,9:31 a.m.,26,26
4:55 p.m.,7:55 p.m.,27,27
8:00 p.m.,9:53 p.m.,28,28
10:40 a.m.,3:04 p.m.,29,29
10:40 a.m.,12:50 p.m.,30,30
11:55 p.m.,,31,31
9:00 p.m.,,32,32
8:25 p.m.,,33,33
6:59 a.m.,10:04 a.m.,34,34
8:35 a.m.,11:44 a.m.,35,35
1:30 p.m.,,36,36
8:20 p.m.,,37,37
2:35 p.m.,3:43 p.m.,38,38
2:55 p.m.,5:43 p.m.,39,39
7:15 a.m.,11:06 a.m.,40,40
12:10 p.m.,1:43 p.m.,41,41
1:05 p.m.,3:13 p.m.,42,42
8:35 a.m.,10:16 a.m.,43,43
3:05 p.m.,6:43 p.m.,44,44
11:25 a.m.,4:56 p.m.,45,45
4:00 p.m.,6:15 p.m.,46,46
7:10 a.m.,3:14 p.m.,47,47
6:00 a.m.,6:19 a.m.,48,48
7:10 a.m.,11:12 a.m.,49,49
,9:22 a.m.,50,50
7:00 p.m.,,51,51
,9:14 a.m.,52,52
,11:30 a.m.,53,53
,9:29 a.m.,54,54
,10:31 p.m.,55,55
,5:14 p.m.,56,56
11:25 a.m.,,57,57
,4:54 p.m.,58,58
,11:11 a.m.,59,59
,12/2/11 6:35 a.m.,60,60
,7:04 a.m.,61,61
12:30 a.m.,,62,62
,6:25 p.m.,63,63
7:35 a.m.,,64,64
9:45 a.m.,,65,65
,1:11 p.m.,66,66
,9:56 a.m.,67,67
,9:29 a.m.,68,54
,7:37 p.m.,69,68
,1:36 p.m.,70,69
2:30 p.m.,,71,70
8:05 a.m.,,72,71
,4:43 p.m.,73,72
,4:08 p.m.,74,73
11:40 a.m.,,75,74
,8:50 a.m.,76,75
,5:00 p.m.,77,76
6:00 a.m.,,78,77
8:40 a.m.,,79,78
,11:50 a.m.,80,79
,3:13 p.m.,81,80
,1:23 p.m.,82,81
,3:09 p.m.,83,82
,1:55 p.m.,84,83
,5:22 p.m.,85,84
,1:11 p.m.,86,66
5:25 p.m.,,87,85
7:10 p.m.,,88,86
,2:39 p.m.,89,87
,5:24 p.m.,90,88
3:35 p.m.,,91,89
,10:34 a.m.,92,90
,7:25 p.m.,93,91
,8:38 p.m.,94,92
,3:04 p.m.,95,93
7:15 p.m.,,96,94
,7:20 p.m.,97,95
9:15 a.m.,,98,96
,7:49 a.m.,99,97
,9:26 a.m.,100,98
,7:43 p.m.,101,99
,10:43 a.m.,102,100
,6:28 p.m.,103,101
,7:23 p.m.,104,102
,9:47 p.m.,105,103
10:25 a.m.,,106,104
,10:43 a.m.,107,100
,2:58 p.m.,108,105
,4:20 p.m.,109,106
,2:50 p.m.,110,107
1:29 p.m.,,111,108
,5:52 a.m.,112,109
,12/2/11 12:01 a.m.,113,110
,11:49 p.m.,114,111
,11:35 p.m.,115,112
,9:45 a.m.,116,113
,11:33 a.m.,117,114
,9:13 a.m.,118,115
,3:29 p.m.,119,116
2:53 p.m.,,120,117
,8:33 a.m.,121,118
11:08 p.m.,,122,119
,6:19 p.m.,123,120
,7:50 a.m.,124,121
,1:52 p.m.,125,122
,9:12 p.m.,126,123
,4:22 p.m.,127,124
2:30 p.m.,,128,70
8:55 a.m.,,129,125
,3:36 p.m.,130,126
,5:39 p.m.,131,127
,11:04 a.m.,132,128
,1:42 p.m.,133,129
,10:58 a.m.,134,130
9:05 a.m. (-00:00),,135,131
,2:49 p.m.,136,132
,10:12 a.m.,137,133
,6:30 p.m.,138,134
,7:59 a.m.,139,135
,6:11 p.m.,140,136
,2:21 p.m.,141,137
2:55 p.m.,,142,138
,5:34 p.m.,143,139
,12:37 p.m.,144,140
,7:37 a.m.,145,141
4:00 p.m.,,146,142
,6:15 a.m.,147,143
,10:52 a.m.,148,144
,3:12 p.m.,149,145
7:10 a.m.,9:22 a.m.,150,146
,10:23 p.m.,151,147
6:40 a.m.,9:12 a.m.,152,148
8:00 a.m.,11:35 a.m.,153,149
,9:40 a.m.,154,150
7:45 p.m.,10:39 p.m.&nbsp(Estimated),155,151
12:00 p.m.,3:10 p.m.,156,152
3:27 p.m.,5:17 p.m.,157,153
,3:25 p.m.,158,154
,11:18 a.m.,159,155
11:25 p.m.,Not Available,160,156
,7:10 a.m.,161,157
,5:23 a.m.,162,158
4:00 p.m.,6:25 p.m.,163,159
,9:09 a.m.,164,160
,1:09 p.m.,165,161
9:05 a.m.,1:18 p.m.,166,162
,9:54 a.m.,167,163
7:00 a.m.,9:42 a.m.,168,164
4:15 p.m.,7:35 p.m.,169,165
,1:34 p.m.,170,166
,6:59 p.m.,171,167
,11:26 a.m.,172,168
,4:45 p.m.,173,169
11:50 a.m.,4:09 p.m.,174,8
,1:12 p.m.,175,170
6:00 a.m.,9:00 a.m.,176,171
11:05 a.m.,5:03 p.m.,177,172
,10:18 a.m.,178,173
,10:47 a.m.,179,174
10:15 a.m.,11:50 a.m.,180,175
1:00 p.m.,3:19 p.m.,181,176
,1:27 p.m.,182,177
,3:20 p.m.,183,178
,2:01 p.m.,184,179
2:30 p.m.,5:28 p.m.,185,180
12:00 p.m.,1:14 p.m.,186,181
,7:55 p.m.,187,182
,9:38 p.m.,188,183
10:40 a.m.,2:37 p.m.,189,184
12:57 p.m.,,190,185
,3:25 p.m.,191,154
7:15 a.m.,10:29 a.m.,192,186
6:30 p.m.,Not Available,193,187
6:45 p.m.,8:43 p.m.,194,188
7:15 p.m.,Not Available,195,189
,7:53 p.m.,196,190
9:15 a.m.,12:03 p.m.,197,191
6:00 a.m.,7:51 a.m.,198,25
7:10 a.m.,9:29 a.m.,199,192
,7:53 p.m.,200,190
3:50 p.m.,6:36 p.m.,201,193
,7:26 p.m.,202,194
8:00 p.m.,9:49 p.m.,203,195
,6:13 p.m.,204,196
,10:45 a.m.,205,197
10:40 a.m.,2:56 p.m.,206,198
1:33 p.m.,4:18 p.m.,207,199
12:15 p.m.,2:52 p.m.,208,200
,4:06 p.m.,209,201
11:55 p.m.,,210,31
4:25 p.m.,Not Available,211,202
9:00 p.m.,Not Available,212,203
8:25 p.m.,Not Available,213,204
6:59 a.m.,9:58 a.m.,214,205
8:35 a.m.,11:40 a.m.,215,206
,9:11 a.m.,216,207
1:30 p.m.,Not Available,217,208
,4:55 p.m.,218,209
,8:41 a.m.,219,210
11:08 p.m.,,220,119
5:30 p.m.,,221,211
,7:58 a.m.,222,212
,2:02 p.m.,223,213
,9:11 p.m.,224,214
,4:24 p.m.,225,215
,6:59 p.m.,226,167
,12:10 p.m.,227,216
2:35 p.m.,3:36 p.m.,228,217
2:55 p.m.,5:34 p.m.,229,218
7:15 a.m.,11:07 a.m.,230,219
12:10 p.m.,1:40 p.m.,231,220
7:55 a.m.,11:00 a.m.,232,221
,12:00 p.m.,233,222
1:05 p.m.,3:01 p.m.,234,223
,10:10 a.m.,235,224
3:05 p.m.,6:36 p.m.,236,225
7:30 a.m.,7:57 a.m.,237,226
,4:52 p.m.,238,227
4:00 p.m.,6:09 p.m.,239,228
11:35 a.m.,2:18 p.m.,240,229
7:25 a.m.,10:53 a.m.,241,230
,5:09 p.m.,242,231
11:55 a.m.,5:35 p.m.,243,232
10:40 a.m.,12:48 p.m.,244,233
6:45 a.m.,7:32 a.m.,245,234
4:00 p.m.,6:33 p.m.,246,235
6:00 a.m.,6:07 a.m.,247,236
7:10 a.m.,11:00 a.m.,248,237
7:10 a.m.,3:09 p.m.,249,238
7:10 a.m.,,250,239
6:40 a.m.,9:09 a.m.,251,240
8:00 a.m.,11:34 a.m.,252,241
8:41 a.m.,,253,242
7:45 p.m.,,254,1
6:30 p.m.,7:35 p.m.,255,243
3:27 p.m.,,256,244
11:25 a.m.,,257,57
11:25 a.m.,,258,57
10:39 a.m.,,259,245
11:25 p.m.,7:02 a.m.,260,246
6:00 a.m.,,261,77
12:15 p.m.,,262,247
4:00 p.m.,,263,142
9:45 a.m.,,264,65
7:00 a.m.,,265,248
8:15 a.m.,,266,249
4:15 p.m.,,267,250
2:30 p.m.,,268,70
11:50 a.m.,,269,251
6:00 a.m.,8:50 a.m.,270,252
11:05 a.m.,,271,253
6:00 a.m.,,272,77
8:40 a.m.,,273,78
10:45 a.m.,,274,254
10:15 a.m.,11:50 a.m.,275,175
7:30 a.m.,,276,255
1:00 p.m.,3:13 p.m.,277,256
12:30 a.m.,,278,62
9:05 a.m.,1:11 p.m.,279,257
11:45 a.m.,,280,258
12:00 p.m.,,281,259
7:25 a.m.,10:52 a.m.,282,260
11:35 a.m.,2:17 p.m.,283,261
10:40 a.m.,2:36 p.m.,284,262
7:15 a.m.,10:34 a.m.,285,263
8:05 a.m.,,286,71
6:45 p.m.,,287,264
12:00 p.m.,3:09 p.m.,288,265
7:15 p.m.,,289,94
1:55 p.m.,,290,266
9:15 a.m.,,291,96
6:00 a.m.,,292,77
7:10 a.m.,9:23 a.m.,293,267
3:50 p.m.,,294,268
4:16 p.m.,,295,269
8:00 p.m.,,296,270
10:25 a.m.,,297,104
7:05 a.m.,,298,271
10:40 a.m.,2:52 p.m.,299,272
1:33 p.m.,,300,273
11:55 p.m.,5:49 a.m.,301,274
4:25 p.m.,11:56 p.m.,302,275
9:00 p.m.,,303,32
8:25 p.m.,11:54 p.m.,304,276
6:59 a.m.,9:56 a.m.,305,277
8:35 a.m.,11:39 a.m.,306,278
2:30 p.m.,,307,70
8:29 a.m.,,308,279
1:30 p.m.,,309,36
2:53 p.m.,,310,117
7:35 a.m.,,311,64
1:45 p.m.,,312,280
11:15 a.m.,,313,281
8:20 p.m.,,314,37
2:55 p.m.,,315,138
2:30 p.m.,,316,70
2:35 p.m.,,317,282
2:55 p.m.,,318,138
7:15 a.m.,11:04 a.m.,319,283
2:55 p.m.,,320,138
12:10 p.m.,,321,284
7:55 a.m.,,322,285
9:05 a.m.,,323,286
1:05 p.m.,2:49 p.m.,324,287
7:53 a.m.,1:23 p.m.,325,288
8:35 a.m.,,326,289
3:05 p.m.,,327,290
4:00 p.m.,,328,142
2:55 p.m.,,329,138
11:55 a.m.,,330,291
10:40 a.m.,,331,292
6:45 a.m.,7:40 a.m.,332,18
4:00 p.m.,,333,142
6:00 a.m.,,334,77
7:10 a.m.,10:49 a.m.,335,293
7:10 a.m.,,336,239
,9:22 a.m.,337,50
7:00 p.m.,,338,51
,9:14 a.m.,339,52
,11:30 a.m.,340,53
,9:29 a.m.,341,54
,10:31 p.m.,342,55
,5:14 p.m.,343,56
11:25 a.m.,,344,57
,4:54 p.m.,345,58
,11:11 a.m.,346,59
,12/2/11 6:35 a.m.,347,60
,7:04 a.m.,348,61
12:30 a.m.,,349,62
,6:25 p.m.,350,63
7:35 a.m.,,351,64
9:45 a.m.,,352,65
,1:11 p.m.,353,66
,9:56 a.m.,354,67
,9:29 a.m.,355,54
,7:37 p.m.,356,68
,1:36 p.m.,357,69
2:30 p.m.,,358,70
8:05 a.m.,,359,71
,4:43 p.m.,360,72
,4:08 p.m.,361,73
11:40 a.m.,,362,74
,8:50 a.m.,363,75
,5:00 p.m.,364,76
6:00 a.m.,,365,77
8:40 a.m.,,366,78
,11:50 a.m.,367,79
,3:13 p.m.,368,80
,1:23 p.m.,369,81
,3:09 p.m.,370,82
,1:55 p.m.,371,83
,5:22 p.m.,372,84
,1:11 p.m.,373,66
5:25 p.m.,,374,85
7:10 p.m.,,375,86
,2:39 p.m.,376,87
,5:24 p.m.,377,88
3:35 p.m.,,378,89
,10:34 a.m.,379,90
,7:25 p.m.,380,91
,8:38 p.m.,381,92
,3:04 p.m.,382,93
7:15 p.m.,,383,94
,7:20 p.m.,384,95
9:15 a.m.,,385,96
,7:49 a.m.,386,97
,9:26 a.m.,387,98
,7:43 p.m.,388,99
,10:43 a.m.,389,100
,6:28 p.m.,390,101
,7:23 p.m.,391,102
,9:47 p.m.,392,103
10:25 a.m.,,393,104
,10:43 a.m.,394,100
,2:58 p.m.,395,105
,4:20 p.m.,396,106
,2:50 p.m.,397,107
1:29 p.m.,,398,108
,5:52 a.m.,399,109
,12/2/11 12:01 a.m.,400,110
,11:49 p.m.,401,111
,11:35 p.m.,402,112
,9:45 a.m.,403,113
,11:33 a.m.,404,114
,9:13 a.m.,405,115
,3:29 p.m.,406,116
2:53 p.m.,,407,117
,8:33 a.m.,408,118
11:08 p.m.,,409,119
,6:19 p.m.,410,120
,7:50 a.m.,411,121
,1:52 p.m.,412,122
,9:12 p.m.,413,123
,4:22 p.m.,414,124
2:30 p.m.,,415,70
8:55 a.m.,,416,125
,3:36 p.m.,417,126
,5:39 p.m.,418,127
,11:04 a.m.,419,128
,1:42 p.m.,420,129
,10:58 a.m.,421,130
9:05 a.m. (-00:00),,422,131
,2:49 p.m.,423,132
,10:12 a.m.,424,133
,6:30 p.m.,425,134
,7:59 a.m.,426,135
,6:11 p.m.,427,136
,2:21 p.m.,428,137
2:55 p.m.,,429,138
,5:34 p.m.,430,139
,12:37 p.m.,431,140
,7:37 a.m.,432,141
4:00 p.m.,,433,142
,6:15 a.m.,434,143
,10:52 a.m.,435,144
,3:12 p.m.,436,145
7:10 a.m.,9:22 a.m.,437,146
,10:29 p.m.,438,294
6:40 a.m.,9:28 a.m.,439,3
8:00 a.m.,11:58 a.m.,440,295
,9:43 a.m.,441,296
7:45 p.m.,,442,1
12:00 p.m.,3:16 p.m.,443,24
3:27 p.m.,5:17 p.m.,444,153
,3:31 p.m.,445,297
,11:21 a.m.,446,298
11:25 p.m.,,447,5
,7:17 a.m.,448,299
,5:26 a.m.,449,300
4:00 p.m.,6:25 p.m.,450,159
,9:09 a.m.,451,160
,1:19 p.m.,452,301
9:05 a.m.,1:18 p.m.,453,162
,9:56 a.m.,454,67
7:00 a.m.,9:45 a.m.,455,6
4:15 p.m.,7:39 p.m.,456,7
,1:40 p.m.,457,302
,7:10 p.m.,458,303
,11:32 a.m.,459,304
,5:00 p.m.,460,76
11:50 a.m.,4:09 p.m.,461,8
,1:14 p.m.,462,305
6:00 a.m.,9:05 a.m.,463,9
11:05 a.m.,5:03 p.m.,464,172
,10:27 a.m.,465,306
,10:56 a.m.,466,307
10:15 a.m.,11:50 a.m.,467,175
1:00 p.m.,3:19 p.m.,468,176
,1:30 p.m.,469,308
,3:21 p.m.,470,309
,2:01 p.m.,471,179
2:30 p.m.,5:42 p.m.,472,310
12:00 p.m.,1:14 p.m.,473,181
,8:03 p.m.,474,311
,9:38 p.m.,475,183
10:40 a.m.,2:46 p.m.,476,20
,5:34 p.m.,477,139
,3:25 p.m.,478,154
7:15 a.m.,10:29 a.m.,479,186
6:30 p.m.,,480,2
6:45 p.m.,8:43 p.m.,481,188
7:15 p.m.,,482,94
,7:58 p.m.,483,312
9:15 a.m.,12:09 p.m.,484,313
6:00 a.m.,7:51 a.m.,485,25
7:10 a.m.,9:29 a.m.,486,192
,7:53 p.m.,487,190
3:50 p.m.,6:35 p.m.,488,314
,7:36 p.m.,489,315
8:00 p.m.,9:49 p.m.,490,195
,6:34 p.m.,491,316
,10:45 a.m.,492,197
10:40 a.m.,3:04 p.m.,493,29
1:33 p.m.,4:23 p.m.,494,317
12:15 p.m.,2:52 p.m.,495,200
,4:17 p.m.,496,318
11:55 p.m.,,497,31
4:25 p.m.,,498,319
9:00 p.m.,,499,32
8:25 p.m.,,500,33
6:59 a.m.,10:04 a.m.,501,34
8:35 a.m.,11:44 a.m.,502,35
,9:13 a.m.,503,115
1:30 p.m.,,504,36
,4:59 p.m.,505,320
,8:45 a.m.,506,321
11:08 p.m.,,507,119
5:30 p.m.,,508,211
,8:02 a.m.,509,322
,2:02 p.m.,510,213
,9:11 p.m.,511,214
,4:24 p.m.,512,215
,7:10 p.m.,513,303
,12:12 p.m.,514,323
2:35 p.m.,3:36 p.m.,515,217
2:55 p.m.,5:34 p.m.,516,218
7:15 a.m.,11:07 a.m.,517,219
12:10 p.m.,1:43 p.m.,518,41
7:55 a.m.,11:00 a.m.,519,221
,12:09 p.m.,520,324
1:05 p.m.,3:01 p.m.,521,223
,10:10 a.m.,522,224
3:05 p.m.,6:43 p.m.,523,44
7:30 a.m.,7:57 a.m.,524,226
,4:56 p.m.,525,325
4:00 p.m.,6:09 p.m.,526,228
11:35 a.m.,2:27 p.m.,527,19
7:25 a.m.,11:06 a.m.,528,17
,5:26 p.m.,529,326
11:55 a.m.,6:17 p.m.,530,327
10:40 a.m.,12:48 p.m.,531,233
6:45 a.m.,7:32 a.m.,532,234
4:00 p.m.,6:36 p.m.,533,328
6:00 a.m.,6:19 a.m.,534,48
7:10 a.m.,11:12 a.m.,535,49
7:10 a.m.,3:14 p.m.,536,47
7:10 a.m.,9:32 a.m.,537,0
7:00 p.m.,10:29 p.m.,538,329
6:40 a.m.,9:28 a.m.,539,3
8:00 a.m.,11:58 a.m.,540,295
8:41 a.m.,9:43 a.m.,541,330
7:45 p.m.,10:30 p.m. (Estimated),542,331
11:45 a.m.,2:10 p.m.,543,16
6:30 p.m.,7:25 p.m. (Estimated runway),544,332
3:27 p.m.,5:17 p.m.,545,153
11:25 a.m.,3:31 p.m.,546,333
11:25 p.m.,6:35 a.m. (Estimated runway),547,334
6:00 a.m.,7:17 a.m.,548,335
12:30 a.m.,5:26 a.m.,549,336
4:00 p.m.,6:28 p.m.,550,337
7:35 a.m.,9:14 a.m.,551,338
9:45 a.m.,1:19 p.m.,552,339
7:00 a.m.,9:45 a.m.,553,6
8:15 a.m.,9:56 a.m.,554,340
4:15 p.m.,7:39 p.m.,555,7
9:05 a.m.,1:27 p.m.,556,15
2:30 p.m.,7:10 p.m.,557,341
5:25 p.m.,8:03 p.m.,558,342
11:50 a.m.,4:09 p.m.,559,8
11:40 a.m.,1:14 p.m.,560,343
6:00 a.m.,9:05 a.m.,561,9
11:05 a.m.,5:05 p.m.,562,344
6:00 a.m.,10:27 a.m.,563,345
8:40 a.m.,10:56 a.m.,564,346
7:55 a.m.,11:01 a.m.,565,11
10:15 a.m.,11:56 a.m.,566,12
7:30 a.m.,8:06 a.m.,567,13
1:00 p.m.,3:20 p.m. (runway),568,347
6:45 a.m.,7:40 a.m.,569,18
12:15 p.m.,2:50 p.m.,570,4
12:30 p.m.,3:21 p.m.,571,348
12:00 p.m.,1:15 p.m.,572,349
7:10 p.m.,9:52 p.m. (Estimated),573,350
11:35 a.m.,2:27 p.m.,574,19
10:40 a.m.,2:46 p.m.,575,20
12:57 p.m.,5:34 p.m.,576,351
3:35 p.m.,3:33 p.m.,577,21
7:15 a.m.,10:36 a.m.,578,22
8:05 a.m.,11:32 a.m.,579,352
6:45 p.m.,8:53 p.m.,580,23
12:00 p.m.,3:16 p.m.,581,24
7:15 p.m.,12:21 a.m. (Estimated),582,353
1:55 p.m.,7:58 p.m.,583,354
9:15 a.m.,12:09 p.m.,584,313
6:00 a.m.,7:51 a.m.,585,25
7:10 a.m.,9:31 a.m.,586,26
4:55 p.m.,7:55 p.m.,587,27
7:25 a.m.,11:06 a.m.,588,17
3:50 p.m.,6:38 p.m.,589,355
4:16 p.m.,7:36 p.m.,590,356
8:00 p.m.,9:53 p.m.,591,28
10:25 a.m.,6:34 p.m.,592,357
7:05 a.m.,10:47 a.m.,593,358
10:40 a.m.,3:04 p.m.,594,29
1:33 p.m.,4:23 p.m.,595,317
1:29 p.m.,4:17 p.m.,596,359
11:55 p.m.,5:42 a.m. (Estimated runway),597,360
4:25 p.m.,12:01 a.m. (Estimated runway),598,361
9:00 p.m.,11:49 p.m. (Estimated runway),599,362
8:25 p.m.,11:35 p.m. (Estimated runway),600,363
2:55 p.m.,4:47 p.m.,601,364
6:59 a.m.,10:04 a.m.,602,34
8:35 a.m.,11:44 a.m.,603,35
2:30 p.m.,5:42 p.m.,604,310
8:29 a.m.,9:13 a.m.,605,365
2:53 p.m.,4:59 p.m.,606,366
11:08 p.m.,,607,119
5:30 p.m.,6:40 p.m. (Estimated),608,367
11:15 a.m.,2:00 p.m.,609,368
8:20 p.m.,9:19 p.m. (Estimated),610,369
2:55 p.m.,4:44 p.m.,611,370
2:30 p.m.,7:10 p.m.,612,341
2:35 p.m.,3:43 p.m.,613,38
2:55 p.m.,5:43 p.m.,614,39
7:15 a.m.,11:06 a.m.,615,40
12:10 p.m.,1:43 p.m.,616,41
1:05 p.m.,3:13 p.m.,617,42
7:53 a.m.,1:30 p.m.,618,371
8:35 a.m.,10:16 a.m.,619,43
3:05 p.m.,6:43 p.m.,620,44
4:00 p.m.,6:15 p.m.,621,46
7:10 a.m.,3:14 p.m.,622,47
2:55 p.m.,5:26 p.m.,623,372
11:55 a.m.,5:38 p.m.,624,373
10:40 a.m.,12:50 p.m.,625,30
4:00 p.m.,6:36 p.m.,626,328
6:00 a.m.,6:19 a.m.,627,48
7:10 a.m.,11:12 a.m.,628,49
7:10 a.m.,9:22 a.m.,629,146
,10:29 p.m.,630,294
6:40 a.m.,9:28 a.m.,631,3
8:00 a.m.,11:58 a.m.,632,295
,9:43 a.m.,633,296
7:45 p.m.,,634,1
12:00 p.m.,3:16 p.m.,635,24
3:27 p.m.,5:17 p.m.,636,153
,3:31 p.m.,637,297
,11:21 a.m.,638,298
11:25 p.m.,,639,5
,7:17 a.m.,640,299
,5:26 a.m.,641,300
4:00 p.m.,6:25 p.m.,642,159
,9:09 a.m.,643,160
,1:19 p.m.,644,301
9:05 a.m.,1:18 p.m.,645,162
,9:56 a.m.,646,67
7:00 a.m.,9:45 a.m.,647,6
4:15 p.m.,7:39 p.m.,648,7
,1:40 p.m.,649,302
,7:10 p.m.,650,303
,11:32 a.m.,651,304
,5:00 p.m.,652,76
11:50 a.m.,4:09 p.m.,653,8
,1:14 p.m.,654,305
6:00 a.m.,9:05 a.m.,655,9
11:05 a.m.,5:03 p.m.,656,172
,10:27 a.m.,657,306
,10:56 a.m.,658,307
10:15 a.m.,11:50 a.m.,659,175
1:00 p.m.,3:19 p.m.,660,176
,1:30 p.m.,661,308
,3:21 p.m.,662,309
,2:01 p.m.,663,179
2:30 p.m.,5:42 p.m.,664,310
12:00 p.m.,1:14 p.m.,665,181
,8:03 p.m.,666,311
,9:38 p.m.,667,183
10:40 a.m.,2:46 p.m.,668,20
,5:34 p.m.,669,139
,3:25 p.m.,670,154
7:15 a.m.,10:29 a.m.,671,186
6:30 p.m.,,672,2
6:45 p.m.,8:43 p.m.,673,188
7:15 p.m.,,674,94
,7:58 p.m.,675,312
9:15 a.m.,12:09 p.m.,676,313
6:00 a.m.,7:51 a.m.,677,25
7:10 a.m.,9:29 a.m.,678,192
,7:53 p.m.,679,190
3:50 p.m.,6:35 p.m.,680,314
,7:36 p.m.,681,315
8:00 p.m.,9:49 p.m.,682,195
,6:34 p.m.,683,316
,10:45 a.m.,684,197
10:40 a.m.,3:04 p.m.,685,29
1:33 p.m.,4:23 p.m.,686,317
12:15 p.m.,2:52 p.m.,687,200
,4:17 p.m.,688,318
11:55 p.m.,,689,31
4:25 p.m.,,690,319
9:00 p.m.,,691,32
8:25 p.m.,,692,33
6:59 a.m.,10:04 a.m.,693,34
8:35 a.m.,11:44 a.m.,694,35
,9:13 a.m.,695,115
1:30 p.m.,,696,36
,4:59 p.m.,697,320
,8:45 a.m.,698,321
11:08 p.m.,,699,119
5:30 p.m.,,700,211
,8:02 a.m.,701,322
,2:02 p.m.,702,213
,9:11 p.m.,703,214
,4:24 p.m.,704,215
,7:10 p.m.,705,303
,12:12 p.m.,706,323
2:35 p.m.,3:36 p.m.,707,217
2:55 p.m.,5:34 p.m.,708,218
7:15 a.m.,11:07 a.m.,709,219
12:10 p.m.,1:43 p.m.,710,41
7:55 a.m.,11:00 a.m.,711,221
,12:09 p.m.,712,324
1:05 p.m.,3:01 p.m.,713,223
,10:10 a.m.,714,224
3:05 p.m.,6:43 p.m.,715,44
7:30 a.m.,7:57 a.m.,716,226
,4:56 p.m.,717,325
4:00 p.m.,6:09 p.m.,718,228
11:35 a.m.,2:27 p.m.,719,19
7:25 a.m.,11:06 a.m.,720,17
,5:26 p.m.,721,326
11:55 a.m.,6:17 p.m.,722,327
10:40 a.m.,12:48 p.m.,723,233
6:45 a.m.,7:32 a.m.,724,234
4:00 p.m.,6:36 p.m.,725,328
6:00 a.m.,6:19 a.m.,726,48
7:10 a.m.,11:12 a.m.,727,49
7:10 a.m.,3:14 p.m.,728,47
,9:22 a.m.,729,50
,10:28 p.m.,730,374
,10:22 p.m.,731,375
,11:30 a.m.,732,53
,9:39 a.m.,733,376
6:30 p.m.,,734,2
,4:54 p.m.,735,58
,11:16 a.m.,736,377
11:25 p.m.,,737,5
,7:04 a.m.,738,61
,5:25 a.m.,739,378
,2:50 p.m.,740,107
,9:29 a.m.,741,54
,7:37 p.m.,742,68
,1:19 p.m.,743,301
,4:08 p.m.,744,73
,1:06 p.m.,745,379
,8:50 a.m.,746,75
,10:58 a.m.,747,130
,11:50 a.m.,748,79
,7:59 a.m.,749,135
,3:13 p.m.,750,80
,3:07 p.m.,751,380
,1:55 p.m.,752,83
,5:22 p.m.,753,84
,2:21 p.m.,754,137
,2:39 p.m.,755,87
1:09 p.m.,,756,381
,3:26 p.m.,757,382
,10:34 a.m.,758,90
,8:38 p.m.,759,92
,3:04 p.m.,760,93
,12:02 p.m.,761,383
,7:49 a.m.,762,97
,9:26 a.m.,763,98
,7:43 p.m.,764,99
,10:43 a.m.,765,100
,7:23 p.m.,766,102
,9:47 p.m.,767,103
,1:36 p.m.,768,69
,4:20 p.m.,769,106
,4:05 p.m.,770,384
11:55 p.m.,,771,31
9:00 p.m.,,772,32
8:25 p.m.,,773,33
,9:45 a.m.,774,113
,11:33 a.m.,775,114
,9:13 a.m.,776,115
1:30 p.m.,,777,36
,5:24 a.m.,778,385
5:30 p.m.,,779,211
,11:27 a.m.,780,386
,3:36 p.m.,781,126
,11:04 a.m.,782,128
4:25 p.m.,,783,319
,8:33 a.m.,784,118
,1:42 p.m.,785,129
,2:49 p.m.,786,132
,3:12 p.m.,787,145
,12:37 p.m.,788,140
,7:37 a.m.,789,141
,6:13 a.m.,790,387
,10:52 a.m.,791,144
,2:46P,792,388
,10:08A,793,389
,7:39P,794,390
,9:04A,795,391
,11:06A,796,392
12:30,,797,393
1:00 p.m.,,798,394
8:25 p.m.,,799,33
11:50 a.m.,,800,251
10:40 a.m.,,801,292
4:15 p.m.,,802,250
,Thu  22:25,803,395
,Thu  17:40,804,396
,Thu  19:33,805,397
,Thu  7:31,806,398
,Thu  6:50,807,399
Thu  20:00,,808,400
,Thu  10:28,809,401
,,810,402
7:10 a.m.,9:32 a.m.,811,0
,10:29 p.m.,812,294
6:40 a.m.,9:28 a.m.,813,3
8:00 a.m.,11:58 a.m.,814,295
,9:43 a.m.,815,296
7:45 p.m.,,816,1
12:00 p.m.,3:16 p.m.,817,24
3:27 p.m.,5:17 p.m.,818,153
,3:31 p.m.,819,297
,11:21 a.m.,820,298
11:25 p.m.,,821,5
,7:17 a.m.,822,299
,5:26 a.m.,823,300
4:00 p.m.,6:28 p.m.,824,337
,9:14 a.m.,825,52
,1:19 p.m.,826,301
9:05 a.m.,1:27 p.m.,827,15
,9:56 a.m.,828,67
7:00 a.m.,9:45 a.m.,829,6
4:15 p.m.,7:39 p.m.,830,7
,1:40 p.m.,831,302
,7:10 p.m.,832,303
,11:32 a.m.,833,304
,4:47 p.m.,834,403
11:50 a.m.,4:09 p.m.,835,8
,1:14 p.m.,836,305
6:00 a.m.,9:05 a.m.,837,9
11:05 a.m.,5:05 p.m.,838,344
,10:27 a.m.,839,306
,10:56 a.m.,840,307
10:15 a.m.,11:56 a.m.,841,12
1:00 p.m.,3:20 p.m. (Runway),842,404
,1:30 p.m.,843,308
,3:21 p.m.,844,309
,2:10 p.m.,845,405
2:30 p.m.,5:42 p.m.,846,310
12:00 p.m.,1:15 p.m.,847,349
,8:03 p.m.,848,311
,8:56 p.m.,849,406
10:40 a.m.,2:46 p.m.,850,20
,5:34 p.m.,851,139
,3:33 p.m.,852,407
7:15 a.m.,10:36 a.m.,853,22
6:30 p.m.,,854,2
6:45 p.m.,8:53 p.m.,855,23
7:15 p.m.,,856,94
,7:58 p.m.,857,312
9:15 a.m.,12:09 p.m.,858,313
6:00 a.m.,7:51 a.m.,859,25
7:10 a.m.,9:31 a.m.,860,26
,7:55 p.m.,861,182
3:50 p.m.,6:38 p.m.,862,355
,7:36 p.m.,863,315
8:00 p.m.,9:53 p.m.,864,28
,6:34 p.m.,865,316
,10:47 a.m.,866,174
,3:04 p.m.,867,93
1:33 p.m.,4:23 p.m.,868,317
12:15 p.m.,2:50 p.m.,869,4
,4:17 p.m.,870,318
11:55 p.m.,,871,31
4:25 p.m.,,872,319
9:00 p.m.,,873,32
8:25 p.m.,,874,33
6:59 a.m.,10:04 a.m.,875,34
8:35 a.m.,11:44 a.m.,876,35
,9:13 a.m.,877,115
1:30 p.m.,,878,36
,4:59 p.m.,879,320
,8:45 a.m.,880,321
11:08 p.m.,,881,119
5:30 p.m.,,882,211
,8:02 a.m.,883,322
,2:00 p.m.,884,408
,9:20 p.m.,885,409
,4:44 p.m.,886,410
,7:10 p.m.,887,303
,11:45 a.m.,888,411
2:35 p.m.,3:43 p.m.,889,38
2:55 p.m.,5:43 p.m.,890,39
7:15 a.m.,11:06 a.m.,891,40
12:10 p.m.,1:43 p.m.,892,41
7:55 a.m.,11:01 a.m.,893,11
,12:09 p.m.,894,324
1:05 p.m.,3:13 p.m.,895,42
,10:16 a.m.,896,412
3:05 p.m.,6:43 p.m.,897,44
7:30 a.m.,8:06 a.m.,898,13
,4:56 p.m.,899,325
4:00 p.m.,6:15 p.m.,900,46
11:35 a.m.,2:27 p.m.,901,19
7:25 a.m.,11:06 a.m.,902,17
,5:26 p.m.,903,326
11:55 a.m.,5:38 p.m.,904,373
10:40 a.m.,12:50 p.m.,905,30
6:45 a.m.,7:40 a.m.,906,18
4:00 p.m.,6:36 p.m.,907,328
6:00 a.m.,6:19 a.m.,908,48
7:10 a.m.,11:12 a.m.,909,49
7:10 a.m.,3:14 p.m.,910,47
7:10 a.m.,9:22 a.m.,911,146
6:30 p.m.,7:35 p.m.,912,243
8:41 a.m.,,913,242
,2:01 p.m.,914,179
6:00 a.m.,,915,77
12:30 a.m.,,916,62
,9:09 a.m.,917,160
9:45 a.m.,,918,65
7:00 a.m.,,919,248
2:30 p.m.,,920,70
6:00 a.m.,9:00 a.m.,921,171
10:15 a.m.,11:50 a.m.,922,175
1:00 p.m.,3:19 p.m.,923,176
6:45 a.m.,7:40 a.m.,924,18
,3:20 p.m.,925,178
,5:09 p.m.,926,231
9:05 a.m.,1:11 p.m.,927,257
11:35 a.m.,2:17 p.m.,928,261
10:40 a.m.,2:36 p.m.,929,262
6:45 p.m.,8:53 p.m.,930,23
12:00 p.m.,3:10 p.m.,931,152
7:15 p.m.,12:21 a.m. (Estimated),932,353
9:15 a.m.,,933,96
3:50 p.m.,6:36 p.m.,934,193
,7:26 p.m.,935,194
8:00 p.m.,,936,270
10:25 a.m.,,937,104
,10:45 a.m.,938,197
10:40 a.m.,2:52 p.m.,939,272
1:33 p.m.,4:18 p.m.,940,199
1:29 p.m.,4:17 p.m.,941,359
4:25 p.m.,12:01 a.m. (Estimated runway),942,361
8:25 p.m.,11:35 p.m. (Estimated runway),943,363
8:35 a.m.,11:40 a.m.,944,206
2:30 p.m.,5:28 p.m.,945,180
8:29 a.m.,,946,279
11:08 p.m.,,947,119
5:30 p.m.,,948,211
1:45 p.m.,,949,280
,2:02 p.m.,950,213
8:20 p.m.,9:19 p.m. (Estimated),951,369
,12:10 p.m.,952,216
,11:26 a.m.,953,168
7:15 a.m.,11:04 a.m.,954,283
2:55 p.m.,,955,138
7:35 a.m.,,956,64
12:10 p.m.,1:40 p.m.,957,220
7:55 a.m.,,958,285
9:05 a.m.,,959,286
,1:27 p.m.,960,177
3:05 p.m.,6:36 p.m.,961,225
11:25 a.m.,,962,57
4:00 p.m.,,963,142
,10:47 a.m.,964,174
10:40 a.m.,12:48 p.m.,965,233
6:00 a.m.,6:19 a.m.,966,48
7:10 a.m.,11:00 a.m.,967,237
7:10 a.m.,3:09 p.m.,968,238
7:10 a.m.,9:22 a.m.,969,146
6:00 a.m.,7:49 a.m.,970,413
7:10 a.m.,9:26 a.m.,971,414
6:30 p.m.,7:25 p.m.,972,415
7:25 a.m.,10:43 a.m.,973,416
11:05 a.m.,4:57 p.m.,974,417
8:41 a.m.,9:44 a.m.,975,418
1:33 p.m.,4:20 p.m.,976,419
1:05 p.m.,2:49 p.m.,977,287
8:25 p.m.,11:35 p.m.,978,420
7:15 p.m.,12:02 a.m.,979,421
5:25 p.m.,7:43 p.m.,980,422
4:00 p.m.,6:11 p.m.,981,423
7:27 p.m.,8:46 p.m.,982,424
7:15 a.m.,10:29 a.m.,983,186
3:35 p.m.,3:26 p.m.,984,425
6:00 a.m.,6:09 a.m.,985,426
7:10 a.m.,10:52 a.m.,986,427
6:45 p.m.,8:38 p.m.,987,428
3:05 p.m.,6:30 p.m.,988,429
7:10 a.m.,9:32 a.m.,989,0
6:40 a.m.,9:28 a.m.,990,3
Not Available,11:58 a.m.,991,430
Not Available,9:43 a.m.,992,431
7:45 p.m.,10:30 p.m.*,993,432
6:30 p.m.,Not Available,994,187
12:00noon,3:16 p.m.,995,433
3:27 p.m.,Contact Airline,996,434
11:25 a.m.,4:56 p.m.,997,45
11:25 p.m.,Dec 02 Not Available,998,435
Not Available,7:17 a.m.,999,436
12:15 p.m.,2:50 p.m.,1000,4
4:00 p.m.,Contact Airline,1001,437
7:00 a.m.,9:45 a.m.,1002,6
Not Available,9:56 a.m.,1003,438
4:15 p.m.,7:39 p.m.,1004,7
2:30 p.m.,7:10 p.m.,1005,341
11:50 a.m.,4:09 p.m.,1006,8
6:00 a.m.,9:05 a.m.,1007,9
11:05 a.m.,Contact Airline,1008,439
6:00 a.m.,10:27 a.m.,1009,345
8:40 a.m.,10:56 a.m.,1010,346
10:45 a.m.,1:40 p.m.,1011,10
7:55 a.m.,11:01 a.m.,1012,11
10:15 a.m.,11:56 a.m.,1013,12
7:30 a.m.,8:06 a.m.,1014,13
1:00 p.m.,3:30 p.m.,1015,14
9:05 a.m.,1:27 p.m.,1016,15
11:45 a.m.,2:10 p.m.,1017,16
12:00noon,Contact Airline,1018,440
7:25 a.m.,11:06 a.m.,1019,17
11:35 a.m.,2:27 p.m.,1020,19
10:40 a.m.,2:46 p.m.,1021,20
7:15 a.m.,10:36 a.m.,1022,22
8:05 a.m.,11:32 a.m.,1023,352
6:45 p.m.,8:53 p.m.,1024,23
7:15 p.m.,Dec 02 Contact Airline,1025,441
Not Available,7:58 p.m.,1026,442
9:15 a.m.,12:09 p.m.,1027,313
6:00 a.m.,7:51 a.m.,1028,25
7:10 a.m.,9:31 a.m.,1029,26
3:50 p.m.,Contact Airline,1030,443
8:00 p.m.,9:53 p.m.,1031,28
7:05 a.m.,Contact Airline,1032,444
10:40 a.m.,3:04 p.m.,1033,29
Not Available,4:23 p.m.,1034,445
11:55 p.m.,Dec 02 Not Available,1035,446
4:25 p.m.,Not Available,1036,202
9:00 p.m.,Dec 02 Not Available,1037,447
8:25 p.m.,Not Available,1038,204
6:59 a.m.,10:04 a.m.,1039,34
8:35 a.m.,11:44 a.m.,1040,35
Not Available,5:42 p.m.,1041,448
Not Available,9:13 a.m.,1042,449
1:30 p.m.,Not Available,1043,208
2:53 p.m.,4:59 p.m.,1044,366
Not Available,8:45 a.m.,1045,450
Not Available,8:02 a.m.,1046,451
11:15 a.m.,Contact Airline,1047,452
8:20 p.m.,9:19 p.m.*,1048,453
2:55 p.m.,Contact Airline,1049,454
2:30 p.m.,Contact Airline,1050,455
2:35 p.m.,3:43 p.m.,1051,38
2:55 p.m.,5:43 p.m.,1052,39
7:15 a.m.,11:06 a.m.,1053,40
2:55 p.m.,Contact Airline,1054,454
12:10 p.m.,1:43 p.m.,1055,41
9:05 a.m.,Contact Airline,1056,456
1:05 p.m.,3:13 p.m.,1057,42
Not Available,1:30 p.m.,1058,457
8:35 a.m.,10:16 a.m.,1059,43
3:05 p.m.,6:43 p.m.,1060,44
4:00 p.m.,6:15 p.m.,1061,46
2:55 p.m.,5:26 p.m.,1062,372
11:55 a.m.,Contact Airline,1063,458
10:40 a.m.,12:50 p.m.,1064,30
7:10 a.m.,3:14 p.m.,1065,47
6:45 a.m.,7:40 a.m.,1066,18
4:00 p.m.,6:36 p.m.,1067,328
6:00 a.m.,6:19 a.m.,1068,48
7:10 a.m.,11:12 a.m.,1069,49
7:10 a.m.,9:22 a.m.,1070,146
,10:29 p.m.,1071,294
6:40 a.m.,9:28 a.m.,1072,3
8:00 a.m.,11:58 a.m.,1073,295
,9:43 a.m.,1074,296
7:45 p.m.,,1075,1
12:00 p.m.,3:16 p.m.,1076,24
3:27 p.m.,5:17 p.m.,1077,153
,3:31 p.m.,1078,297
,11:21 a.m.,1079,298
11:25 p.m.,,1080,5
,7:17 a.m.,1081,299
,5:26 a.m.,1082,300
4:00 p.m.,6:25 p.m.,1083,159
,9:09 a.m.,1084,160
,1:19 p.m.,1085,301
9:05 a.m.,1:18 p.m.,1086,162
,9:56 a.m.,1087,67
7:00 a.m.,9:45 a.m.,1088,6
4:15 p.m.,7:39 p.m.,1089,7
,1:40 p.m.,1090,302
,7:10 p.m.,1091,303
,11:32 a.m.,1092,304
,5:00 p.m.,1093,76
11:50 a.m.,4:09 p.m.,1094,8
,1:14 p.m.,1095,305
6:00 a.m.,9:05 a.m.,1096,9
11:05 a.m.,5:03 p.m.,1097,172
,10:27 a.m.,1098,306
,10:56 a.m.,1099,307
10:15 a.m.,11:50 a.m.,1100,175
1:00 p.m.,3:19 p.m.,1101,176
,1:30 p.m.,1102,308
,3:21 p.m.,1103,309
,2:01 p.m.,1104,179
2:30 p.m.,5:42 p.m.,1105,310
12:00 p.m.,1:14 p.m.,1106,181
,8:03 p.m.,1107,311
,9:38 p.m.,1108,183
10:40 a.m.,2:46 p.m.,1109,20
,5:34 p.m.,1110,139
,3:25 p.m.,1111,154
7:15 a.m.,10:29 a.m.,1112,186
6:30 p.m.,,1113,2
6:45 p.m.,8:43 p.m.,1114,188
7:15 p.m.,,1115,94
,7:58 p.m.,1116,312
9:15 a.m.,12:09 p.m.,1117,313
6:00 a.m.,7:51 a.m.,1118,25
7:10 a.m.,9:29 a.m.,1119,192
,7:53 p.m.,1120,190
3:50 p.m.,6:35 p.m.,1121,314
,7:36 p.m.,1122,315
8:00 p.m.,9:49 p.m.,1123,195
,6:34 p.m.,1124,316
,10:45 a.m.,1125,197
10:40 a.m.,3:04 p.m.,1126,29
1:33 p.m.,4:23 p.m.,1127,317
12:15 p.m.,2:52 p.m.,1128,200
,4:17 p.m.,1129,318
11:55 p.m.,,1130,31
4:25 p.m.,,1131,319
9:00 p.m.,,1132,32
8:25 p.m.,,1133,33
6:59 a.m.,10:04 a.m.,1134,34
8:35 a.m.,11:44 a.m.,1135,35
,9:13 a.m.,1136,115
1:30 p.m.,,1137,36
,4:59 p.m.,1138,320
,8:45 a.m.,1139,321
11:08 p.m.,,1140,119
5:30 p.m.,,1141,211
,8:02 a.m.,1142,322
,2:02 p.m.,1143,213
,9:11 p.m.,1144,214
,4:24 p.m.,1145,215
,7:10 p.m.,1146,303
,12:12 p.m.,1147,323
2:35 p.m.,3:36 p.m.,1148,217
2:55 p.m.,5:34 p.m.,1149,218
7:15 a.m.,11:07 a.m.,1150,219
12:10 p.m.,1:43 p.m.,1151,41
7:55 a.m.,11:00 a.m.,1152,221
,12:09 p.m.,1153,324
1:05 p.m.,3:01 p.m.,1154,223
,10:10 a.m.,1155,224
3:05 p.m.,6:43 p.m.,1156,44
7:30 a.m.,7:57 a.m.,1157,226
,4:56 p.m.,1158,325
4:00 p.m.,6:09 p.m.,1159,228
11:35 a.m.,2:27 p.m.,1160,19
7:25 a.m.,11:06 a.m.,1161,17
,5:26 p.m.,1162,326
11:55 a.m.,6:17 p.m.,1163,327
10:40 a.m.,12:48 p.m.,1164,233
6:45 a.m.,7:32 a.m.,1165,234
4:00 p.m.,6:36 p.m.,1166,328
6:00 a.m.,6:19 a.m.,1167,48
7:10 a.m.,11:12 a.m.,1168,49
7:10 a.m.,3:14 p.m.,1169,47
7:10 a.m.,,1170,239
6:40 a.m.,9:09 a.m.,1171,240
,10:23 p.m.,1172,147
8:41 a.m.,,1173,242
7:45 p.m.,,1174,1
,7:10 a.m.,1175,157
,9:54 a.m.,1176,163
7:00 a.m.,9:45 a.m.,1177,6
4:15 p.m.,,1178,250
,7:55 p.m.,1179,182
6:00 a.m.,9:00 a.m.,1180,171
11:05 a.m.,,1181,253
10:45 a.m.,,1182,254
10:15 a.m.,11:50 a.m.,1183,175
6:45 a.m.,7:40 a.m.,1184,18
12:15 p.m.,2:52 p.m.,1185,200
,3:20 p.m.,1186,178
12:00 p.m.,1:14 p.m.,1187,181
10:40 a.m.,2:36 p.m.,1188,262
12:57 p.m.,,1189,185
3:35 p.m.,3:33 p.m.,1190,21
6:45 p.m.,,1191,264
7:15 p.m.,Not Available,1192,189
,7:53 p.m.,1193,190
9:15 a.m.,12:09 p.m.,1194,313
8:00 p.m.,9:49 p.m.,1195,195
10:25 a.m.,,1196,104
10:40 a.m.,3:04 p.m.,1197,29
1:33 p.m.,,1198,273
11:55 p.m.,5:42 a.m. (Estimated runway),1199,360
2:30 p.m.,5:28 p.m.,1200,180
8:29 a.m.,9:13 a.m.,1201,365
,4:55 p.m.,1202,209
,8:41 a.m.,1203,210
11:08 p.m.,,1204,119
5:30 p.m.,,1205,211
,2:02 p.m.,1206,213
,4:24 p.m.,1207,215
,12:10 p.m.,1208,216
2:35 p.m.,3:43 p.m.,1209,38
7:15 a.m.,11:07 a.m.,1210,219
4:25 p.m.,Not Available,1211,202
12:10 p.m.,,1212,284
7:55 a.m.,,1213,285
9:05 a.m.,,1214,286
1:05 p.m.,3:13 p.m.,1215,42
7:53 a.m.,1:30 p.m.,1216,371
3:05 p.m.,6:36 p.m.,1217,225
6:30 p.m.,7:35 p.m.,1218,243
11:25 a.m.,,1219,57
4:00 p.m.,,1220,142
6:00 a.m.,,1221,77
7:10 a.m.,10:49 a.m.,1222,293
,9:22 a.m.,1223,50
7:00 p.m.,,1224,51
,9:14 a.m.,1225,52
,11:30 a.m.,1226,53
,9:29 a.m.,1227,54
,10:31 p.m.,1228,55
,5:14 p.m.,1229,56
11:25 a.m.,,1230,57
,4:54 p.m.,1231,58
,11:11 a.m.,1232,59
,12/2/11 6:35 a.m.,1233,60
,7:04 a.m.,1234,61
12:30 a.m.,,1235,62
,6:25 p.m.,1236,63
7:35 a.m.,,1237,64
9:45 a.m.,,1238,65
,1:11 p.m.,1239,66
,9:56 a.m.,1240,67
,9:29 a.m.,1241,54
,7:37 p.m.,1242,68
,1:36 p.m.,1243,69
2:30 p.m.,,1244,70
8:05 a.m.,,1245,71
,4:43 p.m.,1246,72
,4:08 p.m.,1247,73
11:40 a.m.,,1248,74
,8:50 a.m.,1249,75
,5:00 p.m.,1250,76
6:00 a.m.,,1251,77
8:40 a.m.,,1252,78
,11:50 a.m.,1253,79
,3:13 p.m.,1254,80
,1:23 p.m.,1255,81
,3:09 p.m.,1256,82
,1:55 p.m.,1257,83
,5:22 p.m.,1258,84
,1:11 p.m.,1259,66
5:25 p.m.,,1260,85
7:10 p.m.,,1261,86
,2:39 p.m.,1262,87
,5:24 p.m.,1263,88
3:35 p.m.,,1264,89
,10:34 a.m.,1265,90
,7:25 p.m.,1266,91
,8:38 p.m.,1267,92
,3:04 p.m.,1268,93
7:15 p.m.,,1269,94
,7:20 p.m.,1270,95
9:15 a.m.,,1271,96
,7:49 a.m.,1272,97
,9:26 a.m.,1273,98
,7:43 p.m.,1274,99
,10:43 a.m.,1275,100
,6:28 p.m.,1276,101
,7:23 p.m.,1277,102
,9:47 p.m.,1278,103
10:25 a.m.,,1279,104
,10:43 a.m.,1280,100
,2:58 p.m.,1281,105
,4:20 p.m.,1282,106
,2:50 p.m.,1283,107
1:29 p.m.,,1284,108
,5:52 a.m.,1285,109
,12/2/11 12:01 a.m.,1286,110
,11:49 p.m.,1287,111
,11:35 p.m.,1288,112
,9:45 a.m.,1289,113
,11:33 a.m.,1290,114
,9:13 a.m.,1291,115
,3:29 p.m.,1292,116
2:53 p.m.,,1293,117
,8:33 a.m.,1294,118
11:08 p.m.,,1295,119
,6:19 p.m.,1296,120
,7:50 a.m.,1297,121
,1:52 p.m.,1298,122
,9:12 p.m.,1299,123
,4:22 p.m.,1300,124
2:30 p.m.,,1301,70
8:55 a.m.,,1302,125
,3:36 p.m.,1303,126
,5:39 p.m.,1304,127
,11:04 a.m.,1305,128
,1:42 p.m.,1306,129
,10:58 a.m.,1307,130
9:05 a.m. (-00:00),,1308,131
,2:49 p.m.,1309,132
,10:12 a.m.,1310,133
,6:30 p.m.,1311,134
,7:59 a.m.,1312,135
,6:11 p.m.,1313,136
,2:21 p.m.,1314,137
2:55 p.m.,,1315,138
,5:34 p.m.,1316,139
,12:37 p.m.,1317,140
,7:37 a.m.,1318,141
4:00 p.m.,,1319,142
,6:15 a.m.,1320,143
,10:52 a.m.,1321,144
,3:12 p.m.,1322,145
7:10aDec 1,9:32aDec 1,1323,459
7:00 p.m.,10:02 p.m.,1324,460
6:40aDec 1,9:28aDec 1,1325,461
8:19aDec 1,11:58aDec 1,1326,462
8:41aDec 1,,1327,463
7:45 p.m.,,1328,1
12:00 p.m.,3:16 p.m.,1329,24
3:27 p.m.,5:17 p.m.,1330,153
11:25aDec 1,3:31 p.m.,1331,464
10:39aDec 1,,1332,465
11:25 p.m.,,1333,5
6:14aDec 1,7:17aDec 1,1334,466
12:30aDec 1,5:26aDec 1,1335,467
4:00 p.m.,6:28 p.m.,1336,337
7:35aDec 1,,1337,468
9:45aDec 1,1:19 p.m.,1338,469
10:00aDec 1,1:27 p.m.,1339,470
8:15aDec 1,9:56aDec 1,1340,471
7:00aDec 1,9:45aDec 1,1341,472
4:15 p.m.,7:39 p.m.,1342,7
10:45aDec 1,1:40 p.m.,1343,473
2:30 p.m.,7:10 p.m.,1344,341
8:05aDec 1,11:32aDec 1,1345,474
2:55 p.m.,4:47 p.m.,1346,364
11:50aDec 1,4:09 p.m.,1347,475
11:40aDec 1,1:14 p.m.,1348,476
6:00aDec 1,9:05aDec 1,1349,477
11:05aDec 1,5:05 p.m.,1350,478
6:00aDec 1,10:27aDec 1,1351,479
8:40aDec 1,10:56aDec 1,1352,480
10:15aDec 1,11:56aDec 1,1353,481
1:00 p.m.,3:30 p.m.,1354,14
7:53aDec 1,1:30 p.m.,1355,482
12:30 p.m.,,1356,483
11:45aDec 1,2:10 p.m.,1357,484
2:46 p.m.,5:42 p.m.,1358,485
12:00 p.m.,1:15 p.m.,1359,349
5:25 p.m.,8:03 p.m.,1360,342
7:10 p.m.,,1361,86
10:40aDec 1,2:46 p.m.,1362,486
12:57 p.m.,5:34 p.m.,1363,351
3:35 p.m.,3:33 p.m.,1364,21
7:15aDec 1,10:36aDec 1,1365,487
6:30 p.m.,,1366,2
6:45 p.m.,8:53 p.m.,1367,23
7:15 p.m.,,1368,94
2:22 p.m.,7:58 p.m.,1369,488
9:15aDec 1,12:09 p.m.,1370,489
6:00aDec 1,7:51aDec 1,1371,490
7:10aDec 1,9:31aDec 1,1372,491
4:55 p.m.,7:55 p.m.,1373,27
3:50 p.m.,6:38 p.m.,1374,355
4:16 p.m.,7:36 p.m.,1375,356
8:00 p.m.,9:53 p.m.,1376,28
10:25aDec 1,6:34 p.m.,1377,492
7:05aDec 1,10:47aDec 1,1378,493
10:40aDec 1,3:04 p.m.,1379,494
1:33 p.m.,4:23 p.m.,1380,317
12:15 p.m.,2:50 p.m.,1381,4
1:29 p.m.,4:17 p.m.,1382,359
11:55 p.m.,,1383,31
4:25 p.m.,,1384,319
9:00 p.m.,,1385,32
8:25 p.m.,,1386,33
6:59aDec 1,10:04aDec 1,1387,495
8:35aDec 1,11:44aDec 1,1388,496
1:30 p.m.,,1389,36
2:53 p.m.,4:59 p.m.,1390,366
7:35aDec 1,8:45aDec 1,1391,497
11:08 p.m.,,1392,119
5:30 p.m.,,1393,211
1:45 p.m.,8:02aDec 1,1394,498
11:15aDec 1,2:00 p.m.,1395,499
8:20 p.m.,,1396,37
2:55 p.m.,4:44 p.m.,1397,370
2:30 p.m.,7:10 p.m.,1398,341
8:55aDec 1,,1399,500
2:35 p.m.,3:43 p.m.,1400,38
2:55 p.m.,5:43 p.m.,1401,39
7:15aDec 1,11:06aDec 1,1402,501
12:10 p.m.,1:43 p.m.,1403,41
7:55aDec 1,11:01aDec 1,1404,502
9:05aDec 1,12:09 p.m.,1405,503
1:05 p.m.,3:13 p.m.,1406,42
8:35aDec 1,10:16aDec 1,1407,504
3:05 p.m.,6:43 p.m.,1408,44
7:30aDec 1,8:06aDec 1,1409,505
11:25aDec 1,4:56 p.m.,1410,506
4:00 p.m.,6:15 p.m.,1411,46
11:35aDec 1,2:27 p.m.,1412,507
7:25aDec 1,11:06aDec 1,1413,508
2:55 p.m.,5:26 p.m.,1414,372
11:55aDec 1,5:38 p.m.,1415,509
10:40aDec 1,12:50 p.m.,1416,510
6:45aDec 1,7:40aDec 1,1417,511
4:00 p.m.,6:36 p.m.,1418,328
6:00aDec 1,6:19aDec 1,1419,512
7:10aDec 1,11:12aDec 1,1420,513
7:10aDec 1,3:14 p.m.,1421,514
,,1422,402
,,1423,402
2:35 p.m.,,1424,282
,,1425,402
7:00 p.m.,10:29 p.m.,1426,329
7:35 a.m.,9:14 a.m.,1427,338
11:40 a.m.,1:14 p.m.,1428,343
6:00 a.m.,10:27 a.m.,1429,345
7:15 p.m.,12:21 a.m.,1430,515
12:30 a.m.,5:26 a.m.,1431,336
8:40 a.m.,10:56 a.m.,1432,346
11:25 a.m.,3:31 p.m.,1433,333
2:55 p.m.,5:26 p.m.,1434,372
2:30 p.m.,7:10 p.m.,1435,341
9:15 a.m.,12:09 p.m.,1436,313
10:25 a.m.,6:34 p.m.,1437,357
9:45 a.m.,1:19 p.m.,1438,339
2:53 p.m.,4:59 p.m.,1439,366
7:10 p.m.,9:52 p.m.,1440,516
5:30 p.m.,6:40 p.m.,1441,517
4:00 p.m.,6:36 p.m.,1442,328
5:25 p.m.,8:03 p.m.,1443,342
8:05 a.m.,11:32 a.m.,1444,352
6:00 a.m.,7:51 a.m.,1445,25
2:35 p.m.,3:43 p.m.,1446,38
9:45 a.m.,1:19 p.m.,1447,339
2:55 p.m.,5:43 p.m.,1448,39
3:50 p.m.,6:38 p.m.,1449,355
6:00 a.m.,10:27 a.m.,1450,345
4:16 p.m.,7:36 p.m.,1451,356
8:41 a.m.,9:43 a.m.,1452,330
1:05 p.m.,3:13 p.m.,1453,42
7:15 a.m.,10:36 a.m.,1454,22
1:33 p.m.,4:23 p.m.,1455,317
12:15 p.m.,2:50 p.m.,1456,4
12:30 a.m.,5:26 a.m.,1457,336
11:25 a.m.,3:31 p.m.,1458,333
4:25 p.m.,12:01 a.m. (Estimated runway),1459,361
7:30 a.m.,8:06 a.m.,1460,13
9:00 p.m.,11:49 p.m. (Estimated runway),1461,362
4:00 p.m.,6:15 p.m.,1462,46
8:35 a.m.,11:44 a.m.,1463,35
7:45 p.m.,10:30 p.m. (Estimated),1464,331
8:29 a.m.,9:13 a.m.,1465,365
11:55 a.m.,5:38 p.m.,1466,373
2:55 p.m.,4:47 p.m.,1467,364
10:25 a.m.,6:34 p.m.,1468,357
2:53 p.m.,4:59 p.m.,1469,366
7:00 a.m.,9:45 a.m.,1470,6
10:40 a.m.,2:46 p.m.,1471,20
8:35 a.m.,10:16 a.m.,1472,43
8:20 p.m.,9:19 p.m. (Estimated),1473,369
6:00 a.m.,6:19 a.m.,1474,48
7:10 a.m.,11:12 a.m.,1475,49
2:30 p.m.,7:10 p.m.,1476,341
9:05 a.m.,1:27 p.m.,1477,15
12:00 p.m.,3:16 p.m.,1478,24
7:15 p.m.,12:21 a.m. (Estimated),1479,353
11:50 a.m.,4:09 p.m.,1480,8
,,1481,402
,,1482,402
,,1483,402
,,1484,402
,,1485,402
,,1486,402
,9:22 a.m.,1487,50
7:00 p.m.,,1488,51
,9:14 a.m.,1489,52
,11:30 a.m.,1490,53
,9:29 a.m.,1491,54
,10:31 p.m.,1492,55
,5:14 p.m.,1493,56
11:25 a.m.,,1494,57
,4:54 p.m.,1495,58
,11:11 a.m.,1496,59
,12/2/11 6:35 a.m.,1497,60
,7:04 a.m.,1498,61
12:30 a.m.,,1499,62
,6:25 p.m.,1500,63
7:35 a.m.,,1501,64
9:45 a.m.,,1502,65
,1:11 p.m.,1503,66
,9:56 a.m.,1504,67
,9:29 a.m.,1505,54
,7:37 p.m.,1506,68
,1:36 p.m.,1507,69
2:30 p.m.,,1508,70
8:05 a.m.,,1509,71
,4:43 p.m.,1510,72
,4:08 p.m.,1511,73
11:40 a.m.,,1512,74
,8:50 a.m.,1513,75
,5:00 p.m.,1514,76
6:00 a.m.,,1515,77
8:40 a.m.,,1516,78
,11:50 a.m.,1517,79
,3:13 p.m.,1518,80
,1:23 p.m.,1519,81
,3:09 p.m.,1520,82
,1:55 p.m.,1521,83
,5:22 p.m.,1522,84
,1:11 p.m.,1523,66
5:25 p.m.,,1524,85
7:10 p.m.,,1525,86
,2:39 p.m.,1526,87
,5:24 p.m.,1527,88
3:35 p.m.,,1528,89
,10:34 a.m.,1529,90
,7:25 p.m.,1530,91
,8:38 p.m.,1531,92
,3:04 p.m.,1532,93
7:15 p.m.,,1533,94
,7:20 p.m.,1534,95
9:15 a.m.,,1535,96
,7:49 a.m.,1536,97
,9:26 a.m.,1537,98
,7:43 p.m.,1538,99
,10:43 a.m.,1539,100
,6:28 p.m.,1540,101
,7:23 p.m.,1541,102
,9:47 p.m.,1542,103
10:25 a.m.,,1543,104
,10:43 a.m.,1544,100
,2:58 p.m.,1545,105
,4:20 p.m.,1546,106
,2:50 p.m.,1547,107
1:29 p.m.,,1548,108
,5:52 a.m.,1549,109
,12/2/11 12:01 a.m.,1550,110
,11:49 p.m.,1551,111
,11:35 p.m.,1552,112
,9:45 a.m.,1553,113
,11:33 a.m.,1554,114
,9:13 a.m.,1555,115
,3:29 p.m.,1556,116
2:53 p.m.,,1557,117
,8:33 a.m.,1558,118
11:08 p.m.,,1559,119
,6:19 p.m.,1560,120
,7:50 a.m.,1561,121
,1:52 p.m.,1562,122
,9:12 p.m.,1563,123
,4:22 p.m.,1564,124
2:30 p.m.,,1565,70
8:55 a.m.,,1566,125
,3:36 p.m.,1567,126
,5:39 p.m.,1568,127
,11:04 a.m.,1569,128
,1:42 p.m.,1570,129
,10:58 a.m.,1571,130
9:05 a.m. (-00:00),,1572,131
,2:49 p.m.,1573,132
,10:12 a.m.,1574,133
,6:30 p.m.,1575,134
,7:59 a.m.,1576,135
,6:11 p.m.,1577,136
,2:21 p.m.,1578,137
2:55 p.m.,,1579,138
,5:34 p.m.,1580,139
,12:37 p.m.,1581,140
,7:37 a.m.,1582,141
4:00 p.m.,,1583,142
,6:15 a.m.,1584,143
,10:52 a.m.,1585,144
,3:12 p.m.,1586,145
7:45 p.m.,,1587,1
7:00 p.m.,10:02 p.m.,1588,460
8:41aDec 1,,1589,463
6:30 p.m.,,1590,2
3:27 p.m.,Contact Airline,1591,434
10:39aDec 1,,1592,465
11:25 p.m.,,1593,5
12:30aDec 1,5:26aDec 1,1594,467
4:00 p.m.,6:28 p.m.,1595,337
9:45aDec 1,1:19 p.m.,1596,469
7:00aDec 1,9:45aDec 1,1597,472
2:30 p.m.,7:10 p.m.,1598,341
11:40aDec 1,1:14 p.m.,1599,476
6:00aDec 1,9:05aDec 1,1600,477
11:05aDec 1,5:05 p.m.,1601,478
10:15 a.m.,11:56 a.m.,1602,12
7:30aDec 1,8:06aDec 1,1603,505
12:30 p.m.,,1604,483
9:05 a.m.,1:27 p.m.,1605,15
11:45aDec 1,2:10 p.m.,1606,484
12:00 p.m.,1:15 p.m.,1607,349
7:10 p.m.,,1608,86
11:35 a.m.,2:27 p.m.,1609,19
6:00aDec 1,7:51aDec 1,1610,490
7:10aDec 1,9:31aDec 1,1611,491
4:55 p.m.,7:55 p.m.,1612,27
7:25aDec 1,11:06aDec 1,1613,508
8:00 p.m.,9:53 p.m.,1614,28
7:05aDec 1,10:47aDec 1,1615,493
6:45 p.m.,8:53 p.m.,1616,23
4:25 p.m.,,1617,319
9:00 p.m.,Dec 02 Not Available,1618,447
8:25 p.m.,,1619,33
6:59aDec 1,10:04aDec 1,1620,495
8:35aDec 1,11:44aDec 1,1621,496
Not Available,5:42 p.m.,1622,448
1:30 p.m.,Not Available,1623,208
2:53 p.m.,4:59 p.m.,1624,366
11:08 p.m.,,1625,119
8:20 p.m.,,1626,37
2:55 p.m.,5:43 p.m.,1627,39
Not Available,8:45 a.m.,1628,450
12:10 p.m.,1:43 p.m.,1629,41
9:05aDec 1,12:09 p.m.,1630,503
7:10aDec 1,11:12aDec 1,1631,513
8:35aDec 1,10:16aDec 1,1632,504
11:25aDec 1,4:56 p.m.,1633,506
4:00 p.m.,6:15 p.m.,1634,46
2:55 p.m.,5:26 p.m.,1635,372
6:45aDec 1,7:40aDec 1,1636,511
7:10 a.m.,,1637,239
6:00 a.m.,,1638,77
7:10 a.m.,,1639,239
2:35 p.m.,,1640,282
7:15 a.m.,,1641,518
11/30 8:00 p.m.,,1642,519
11/30 4:16 p.m.,,1643,520
1:05 p.m.,,1644,521
11/30 6:45 p.m.,,1645,522
7:30 a.m.,,1646,255
1:33 p.m.,,1647,273
12:15 p.m.,,1648,247
11/30 4:00 p.m.,,1649,523
11/30 11:55 p.m.,,1650,524
11/30 11:25 a.m.,,1651,525
11:45 a.m.,,1652,258
11/30 7:45 p.m.,,1653,526
10:40 a.m.,,1654,292
11/30 11:08 p.m.,,1655,527
10:40 a.m.,,1656,292
11/30 12:57 p.m.,,1657,528
8:35 a.m.,,1658,289
3:35 p.m.,,1659,89
11/30 1:55 p.m.,,1660,529
7:10 a.m.,9:22 a.m.,1661,146
6:40 a.m.,9:14 a.m.,1662,530
7:00 p.m.,10:24 p.m.,1663,531
8:41 a.m.,9:44 a.m.,1664,418
7:45 p.m.,10:28 p.m.,1665,532
11:25 p.m.,6:55 a.m.,1666,533
4:00 p.m.,6:23 p.m.,1667,534
7:35 a.m.,9:08 a.m.,1668,535
7:00 a.m.,9:29 a.m.,1669,536
4:15 p.m.,7:37 p.m.,1670,537
9:05 a.m.,1:11 p.m.,1671,257
11:50 a.m.,3:59 p.m.,1672,538
11:40 a.m.,1:07 p.m.,1673,539
6:00 a.m.,8:50 a.m.,1674,252
11:05 a.m.,4:57 p.m.,1675,417
7:55 a.m.,10:58 a.m.,1676,540
10:15 a.m.,11:50 a.m.,1677,175
7:30 a.m.,7:59 a.m.,1678,541
1:00 p.m.,3:13 p.m.,1679,256
6:45 a.m.,7:35 a.m.,1680,542
12:15 p.m.,2:40 p.m.,1681,543
12:30 p.m.,3:07 p.m.,1682,544
2:30 p.m.,5:27 p.m.,1683,545
12:00 p.m.,1:08 p.m.,1684,546
5:25 p.m.,7:43 p.m.,1685,422
7:25 a.m.,10:43 a.m.,1686,416
7:27 p.m.,8:46 p.m.,1687,424
11:35 a.m.,2:21 p.m.,1688,547
10:40 a.m.,2:39 p.m.,1689,548
3:35 p.m.,3:26 p.m.,1690,425
7:15 a.m.,10:29 a.m.,1691,186
6:30 p.m.,7:25 p.m.,1692,415
6:45 p.m.,8:38 p.m.,1693,428
12:00 p.m.,3:04 p.m.,1694,549
7:15 p.m.,12:02 a.m.,1695,421
9:15 a.m.,12:02 p.m.,1696,550
6:00 a.m.,7:49 a.m.,1697,413
7:10 a.m.,9:26 a.m.,1698,414
4:55 p.m.,7:43 p.m.,1699,551
3:50 p.m.,6:34 p.m.,1700,552
8:00 p.m.,9:47 p.m.,1701,553
10:40 a.m.,2:58 p.m.,1702,554
1:33 p.m.,4:20 p.m.,1703,419
1:29 p.m.,4:06 p.m.,1704,555
4:25 p.m.,12:19 a.m.,1705,556
9:00 p.m.,12:01 a.m.,1706,557
8:25 p.m.,11:35 p.m.,1707,420
6:59 a.m.,9:45 a.m.,1708,558
8:35 a.m.,11:33 a.m.,1709,559
1:30 p.m.,3:40 p.m.,1710,560
11:08 p.m.,5:21 a.m.,1711,561
5:30 p.m.,6:56 p.m.,1712,562
8:20 p.m.,9:11 p.m.,1713,563
2:35 p.m.,3:36 p.m.,1714,217
2:55 p.m.,5:39 p.m.,1715,564
7:15 a.m.,11:04 a.m.,1716,283
12:10 p.m.,1:42 p.m.,1717,565
1:05 p.m.,2:49 p.m.,1718,287
3:05 p.m.,6:30 p.m.,1719,429
4:00 p.m.,6:11 p.m.,1720,423
7:10 a.m.,3:12 p.m.,1721,566
11:55 a.m.,5:34 p.m.,1722,567
10:40 a.m.,12:37 p.m.,1723,568
4:00 p.m.,6:33 p.m.,1724,235
6:00 a.m.,6:09 a.m.,1725,426
7:10 a.m.,10:52 a.m.,1726,427
8:00 a.m.,11:58 a.m.,1727,295
8:41 a.m.,9:43 a.m.,1728,330
3:27 p.m.,5:17 p.m.,1729,153
10:39 a.m.,11:21 a.m.,1730,569
4:00 p.m.,6:28 p.m.,1731,337
11:05 a.m.,5:05 p.m.,1732,344
12:30 p.m.,3:21 p.m.,1733,348
12:00 a.m.,1:15 p.m.,1734,570
7:53 a.m.,1:30 p.m.,1735,371
8:15 a.m.,9:56 a.m.,1736,340
12:57 p.m.,5:34 p.m.,1737,351
1:55 p.m.,7:58 p.m.,1738,354
3:50 p.m.,6:38 p.m.,1739,355
4:16 p.m.,7:36 p.m.,1740,356
7:05 a.m.,10:47 a.m.,1741,358
1:33 p.m.,4:23 p.m.,1742,317
1:29 p.m.,4:17 p.m.,1743,359
4:25 p.m.,Fri Dec 2 12:29 a.m.,1744,571
8:29 a.m.,9:13 a.m.,1745,365
7:35 a.m.,8:45 a.m.,1746,572
11:08 p.m.,Fri Dec 2 5:11 a.m.,1747,573
1:45 p.m.,8:02 a.m.,1748,574
11:15 a.m.,2:00 p.m.,1749,368
2:55 p.m.,4:44 p.m.,1750,370
2:30 p.m.,7:10 p.m.,1751,341
8:55 a.m.,11:56 a.m.,1752,575
2:55 p.m.,4:47 p.m.,1753,364
9:05 a.m.,12:09 p.m.,1754,576
11:55 a.m.,5:38 p.m.,1755,373
6:00 a.m.,7:17 a.m.,1756,335
2:30 p.m.,5:42 p.m.,1757,310
7:10 a.m.,9:32 a.m.,1758,0
,10:29 p.m.,1759,294
6:40 a.m.,9:28 a.m.,1760,3
8:00 a.m.,11:58 a.m.,1761,295
,9:43 a.m.,1762,296
7:45 p.m.,,1763,1
12:00 p.m.,3:16 p.m.,1764,24
3:27 p.m.,5:17 p.m.,1765,153
,3:31 p.m.,1766,297
,11:21 a.m.,1767,298
11:25 p.m.,,1768,5
,7:17 a.m.,1769,299
,5:26 a.m.,1770,300
4:00 p.m.,6:28 p.m.,1771,337
,9:14 a.m.,1772,52
,1:19 p.m.,1773,301
9:05 a.m.,1:27 p.m.,1774,15
,9:56 a.m.,1775,67
7:00 a.m.,9:45 a.m.,1776,6
4:15 p.m.,7:39 p.m.,1777,7
,1:40 p.m.,1778,302
,7:10 p.m.,1779,303
,11:32 a.m.,1780,304
,4:47 p.m.,1781,403
11:50 a.m.,4:09 p.m.,1782,8
,1:14 p.m.,1783,305
6:00 a.m.,9:05 a.m.,1784,9
11:05 a.m.,5:05 p.m.,1785,344
,10:27 a.m.,1786,306
,10:56 a.m.,1787,307
10:15 a.m.,11:56 a.m.,1788,12
1:00 p.m.,3:20 p.m. (Runway),1789,404
,1:30 p.m.,1790,308
,3:21 p.m.,1791,309
,2:10 p.m.,1792,405
2:30 p.m.,5:42 p.m.,1793,310
12:00 p.m.,1:15 p.m.,1794,349
,8:03 p.m.,1795,311
,8:56 p.m.,1796,406
10:40 a.m.,2:46 p.m.,1797,20
,5:34 p.m.,1798,139
,3:33 p.m.,1799,407
7:15 a.m.,10:36 a.m.,1800,22
6:30 p.m.,,1801,2
6:45 p.m.,8:53 p.m.,1802,23
7:15 p.m.,,1803,94
,7:58 p.m.,1804,312
9:15 a.m.,12:09 p.m.,1805,313
6:00 a.m.,7:51 a.m.,1806,25
7:10 a.m.,9:31 a.m.,1807,26
,7:55 p.m.,1808,182
3:50 p.m.,6:38 p.m.,1809,355
,7:36 p.m.,1810,315
8:00 p.m.,9:53 p.m.,1811,28
,6:34 p.m.,1812,316
,10:47 a.m.,1813,174
,3:04 p.m.,1814,93
1:33 p.m.,4:23 p.m.,1815,317
12:15 p.m.,2:50 p.m.,1816,4
,4:17 p.m.,1817,318
11:55 p.m.,,1818,31
4:25 p.m.,,1819,319
9:00 p.m.,,1820,32
8:25 p.m.,,1821,33
6:59 a.m.,10:04 a.m.,1822,34
8:35 a.m.,11:44 a.m.,1823,35
,9:13 a.m.,1824,115
1:30 p.m.,,1825,36
,4:59 p.m.,1826,320
,8:45 a.m.,1827,321
11:08 p.m.,,1828,119
5:30 p.m.,,1829,211
,8:02 a.m.,1830,322
,2:00 p.m.,1831,408
,9:20 p.m.,1832,409
,4:44 p.m.,1833,410
,7:10 p.m.,1834,303
,11:45 a.m.,1835,411
2:35 p.m.,3:43 p.m.,1836,38
2:55 p.m.,5:43 p.m.,1837,39
7:15 a.m.,11:06 a.m.,1838,40
12:10 p.m.,1:43 p.m.,1839,41
7:55 a.m.,11:01 a.m.,1840,11
,12:09 p.m.,1841,324
1:05 p.m.,3:13 p.m.,1842,42
,10:16 a.m.,1843,412
3:05 p.m.,6:43 p.m.,1844,44
7:30 a.m.,8:06 a.m.,1845,13
,4:56 p.m.,1846,325
4:00 p.m.,6:15 p.m.,1847,46
11:35 a.m.,2:27 p.m.,1848,19
7:25 a.m.,11:06 a.m.,1849,17
,5:26 p.m.,1850,326
11:55 a.m.,5:38 p.m.,1851,373
10:40 a.m.,12:50 p.m.,1852,30
6:45 a.m.,7:40 a.m.,1853,18
4:00 p.m.,6:36 p.m.,1854,328
6:00 a.m.,6:19 a.m.,1855,48
7:10 a.m.,11:12 a.m.,1856,49
7:10 a.m.,3:14 p.m.,1857,47
7:10 a.m.,9:32 a.m.,1858,0
7:00 p.m.,10:29 p.m.,1859,329
6:40 a.m.,9:28 a.m.,1860,3
8:00 a.m.,11:58 a.m.,1861,295
8:41 a.m.,9:43 a.m.,1862,330
7:45 p.m.,10:30 p.m. (Estimated),1863,331
11:45 a.m.,2:10 p.m.,1864,16
6:30 p.m.,7:25 p.m. (Estimated runway),1865,332
3:27 p.m.,5:17 p.m.,1866,153
11:25 a.m.,3:31 p.m.,1867,333
11:25 p.m.,6:35 a.m. (Estimated runway),1868,334
6:00 a.m.,7:17 a.m.,1869,335
12:30 a.m.,5:26 a.m.,1870,336
4:00 p.m.,6:28 p.m.,1871,337
7:35 a.m.,9:14 a.m.,1872,338
9:45 a.m.,1:19 p.m.,1873,339
7:00 a.m.,9:45 a.m.,1874,6
8:15 a.m.,9:56 a.m.,1875,340
4:15 p.m.,7:39 p.m.,1876,7
9:05 a.m.,1:27 p.m.,1877,15
2:30 p.m.,7:10 p.m.,1878,341
5:25 p.m.,8:03 p.m.,1879,342
11:50 a.m.,4:09 p.m.,1880,8
11:40 a.m.,1:14 p.m.,1881,343
6:00 a.m.,9:05 a.m.,1882,9
11:05 a.m.,5:05 p.m.,1883,344
6:00 a.m.,10:27 a.m.,1884,345
8:40 a.m.,10:56 a.m.,1885,346
7:55 a.m.,11:01 a.m.,1886,11
10:15 a.m.,11:56 a.m.,1887,12
7:30 a.m.,8:06 a.m.,1888,13
1:00 p.m.,3:20 p.m. (runway),1889,347
6:45 a.m.,7:40 a.m.,1890,18
12:15 p.m.,2:50 p.m.,1891,4
12:30 p.m.,3:21 p.m.,1892,348
12:00 p.m.,1:15 p.m.,1893,349
7:10 p.m.,9:52 p.m. (Estimated),1894,350
11:35 a.m.,2:27 p.m.,1895,19
10:40 a.m.,2:46 p.m.,1896,20
12:57 p.m.,5:34 p.m.,1897,351
3:35 p.m.,3:33 p.m.,1898,21
7:15 a.m.,10:36 a.m.,1899,22
8:05 a.m.,11:32 a.m.,1900,352
6:45 p.m.,8:53 p.m.,1901,23
12:00 p.m.,3:16 p.m.,1902,24
7:15 p.m.,12:21 a.m. (Estimated),1903,353
1:55 p.m.,7:58 p.m.,1904,354
9:15 a.m.,12:09 p.m.,1905,313
6:00 a.m.,7:51 a.m.,1906,25
7:10 a.m.,9:31 a.m.,1907,26
4:55 p.m.,7:55 p.m.,1908,27
7:25 a.m.,11:06 a.m.,1909,17
3:50 p.m.,6:38 p.m.,1910,355
4:16 p.m.,7:36 p.m.,1911,356
8:00 p.m.,9:53 p.m.,1912,28
10:25 a.m.,6:34 p.m.,1913,357
7:05 a.m.,10:47 a.m.,1914,358
10:40 a.m.,3:04 p.m.,1915,29
1:33 p.m.,4:23 p.m.,1916,317
1:29 p.m.,4:17 p.m.,1917,359
11:55 p.m.,5:42 a.m. (Estimated runway),1918,360
4:25 p.m.,12:01 a.m. (Estimated runway),1919,361
9:00 p.m.,11:49 p.m. (Estimated runway),1920,362
8:25 p.m.,11:35 p.m. (Estimated runway),1921,363
2:55 p.m.,4:47 p.m.,1922,364
6:59 a.m.,10:04 a.m.,1923,34
8:35 a.m.,11:44 a.m.,1924,35
2:30 p.m.,5:42 p.m.,1925,310
8:29 a.m.,9:13 a.m.,1926,365
2:53 p.m.,4:59 p.m.,1927,366
11:08 p.m.,,1928,119
5:30 p.m.,6:40 p.m. (Estimated),1929,367
11:15 a.m.,2:00 p.m.,1930,368
8:20 p.m.,9:19 p.m. (Estimated),1931,369
2:55 p.m.,4:44 p.m.,1932,370
2:30 p.m.,7:10 p.m.,1933,341
2:35 p.m.,3:43 p.m.,1934,38
2:55 p.m.,5:43 p.m.,1935,39
7:15 a.m.,11:06 a.m.,1936,40
12:10 p.m.,1:43 p.m.,1937,41
1:05 p.m.,3:13 p.m.,1938,42
7:53 a.m.,1:30 p.m.,1939,371
8:35 a.m.,10:16 a.m.,1940,43
3:05 p.m.,6:43 p.m.,1941,44
4:00 p.m.,6:15 p.m.,1942,46
7:10 a.m.,3:14 p.m.,1943,47
2:55 p.m.,5:26 p.m.,1944,372
11:55 a.m.,5:38 p.m.,1945,373
10:40 a.m.,12:50 p.m.,1946,30
4:00 p.m.,6:36 p.m.,1947,328
6:00 a.m.,6:19 a.m.,1948,48
7:10 a.m.,11:12 a.m.,1949,49
7:10 a.m.,9:22 a.m.,1950,146
,10:29 p.m.,1951,294
6:40 a.m.,9:28 a.m.,1952,3
8:00 a.m.,11:58 a.m.,1953,295
,9:43 a.m.,1954,296
7:45 p.m.,,1955,1
12:00 p.m.,3:16 p.m.,1956,24
3:27 p.m.,5:17 p.m.,1957,153
,3:31 p.m.,1958,297
,11:21 a.m.,1959,298
11:25 p.m.,,1960,5
,7:17 a.m.,1961,299
,5:26 a.m.,1962,300
4:00 p.m.,6:25 p.m.,1963,159
,9:09 a.m.,1964,160
,1:19 p.m.,1965,301
9:05 a.m.,1:18 p.m.,1966,162
,9:56 a.m.,1967,67
7:00 a.m.,9:45 a.m.,1968,6
4:15 p.m.,7:39 p.m.,1969,7
,1:40 p.m.,1970,302
,7:10 p.m.,1971,303
,11:32 a.m.,1972,304
,5:00 p.m.,1973,76
11:50 a.m.,4:09 p.m.,1974,8
,1:14 p.m.,1975,305
6:00 a.m.,9:05 a.m.,1976,9
11:05 a.m.,5:03 p.m.,1977,172
,10:27 a.m.,1978,306
,10:56 a.m.,1979,307
10:15 a.m.,11:50 a.m.,1980,175
1:00 p.m.,3:19 p.m.,1981,176
,1:30 p.m.,1982,308
,3:21 p.m.,1983,309
,2:01 p.m.,1984,179
2:30 p.m.,5:42 p.m.,1985,310
12:00 p.m.,1:14 p.m.,1986,181
,8:03 p.m.,1987,311
,9:38 p.m.,1988,183
10:40 a.m.,2:46 p.m.,1989,20
,5:34 p.m.,1990,139
,3:25 p.m.,1991,154
7:15 a.m.,10:29 a.m.,1992,186
6:30 p.m.,,1993,2
6:45 p.m.,8:43 p.m.,1994,188
7:15 p.m.,,1995,94
,7:58 p.m.,1996,312
9:15 a.m.,12:09 p.m.,1997,313
6:00 a.m.,7:51 a.m.,1998,25
7:10 a.m.,9:29 a.m.,1999,192
,7:53 p.m.,2000,190
3:50 p.m.,6:35 p.m.,2001,314
,7:36 p.m.,2002,315
8:00 p.m.,9:49 p.m.,2003,195
,6:34 p.m.,2004,316
,10:45 a.m.,2005,197
10:40 a.m.,3:04 p.m.,2006,29
1:33 p.m.,4:23 p.m.,2007,317
12:15 p.m.,2:52 p.m.,2008,200
,4:17 p.m.,2009,318
11:55 p.m.,,2010,31
4:25 p.m.,,2011,319
9:00 p.m.,,2012,32
8:25 p.m.,,2013,33
6:59 a.m.,10:04 a.m.,2014,34
8:35 a.m.,11:44 a.m.,2015,35
,9:13 a.m.,2016,115
1:30 p.m.,,2017,36
,4:59 p.m.,2018,320
,8:45 a.m.,2019,321
11:08 p.m.,,2020,119
5:30 p.m.,,2021,211
,8:02 a.m.,2022,322
,2:02 p.m.,2023,213
,9:11 p.m.,2024,214
,4:24 p.m.,2025,215
,7:10 p.m.,2026,303
,12:12 p.m.,2027,323
2:35 p.m.,3:36 p.m.,2028,217
2:55 p.m.,5:34 p.m.,2029,218
7:15 a.m.,11:07 a.m.,2030,219
12:10 p.m.,1:43 p.m.,2031,41
7:55 a.m.,11:00 a.m.,2032,221
,12:09 p.m.,2033,324
1:05 p.m.,3:01 p.m.,2034,223
,10:10 a.m.,2035,224
3:05 p.m.,6:43 p.m.,2036,44
7:30 a.m.,7:57 a.m.,2037,226
,4:56 p.m.,2038,325
4:00 p.m.,6:09 p.m.,2039,228
11:35 a.m.,2:27 p.m.,2040,19
7:25 a.m.,11:06 a.m.,2041,17
,5:26 p.m.,2042,326
11:55 a.m.,6:17 p.m.,2043,327
10:40 a.m.,12:48 p.m.,2044,233
6:45 a.m.,7:32 a.m.,2045,234
4:00 p.m.,6:36 p.m.,2046,328
6:00 a.m.,6:19 a.m.,2047,48
7:10 a.m.,11:12 a.m.,2048,49
7:10 a.m.,3:14 p.m.,2049,47
7:10 a.m.,9:32 a.m.,2050,0
,10:29 p.m.,2051,294
6:40 a.m.,9:28 a.m.,2052,3
8:00 a.m.,11:58 a.m.,2053,295
,9:43 a.m.,2054,296
7:45 p.m.,,2055,1
12:00 p.m.,3:16 p.m.,2056,24
3:27 p.m.,5:17 p.m.,2057,153
,3:31 p.m.,2058,297
,11:21 a.m.,2059,298
11:25 p.m.,,2060,5
,7:17 a.m.,2061,299
,5:26 a.m.,2062,300
4:00 p.m.,6:28 p.m.,2063,337
,9:14 a.m.,2064,52
,1:19 p.m.,2065,301
9:05 a.m.,1:27 p.m.,2066,15
,9:56 a.m.,2067,67
7:00 a.m.,9:45 a.m.,2068,6
4:15 p.m.,7:39 p.m.,2069,7
,1:40 p.m.,2070,302
,7:10 p.m.,2071,303
,11:32 a.m.,2072,304
,4:47 p.m.,2073,403
11:50 a.m.,4:09 p.m.,2074,8
,1:14 p.m.,2075,305
6:00 a.m.,9:05 a.m.,2076,9
11:05 a.m.,5:05 p.m.,2077,344
,10:27 a.m.,2078,306
,10:56 a.m.,2079,307
10:15 a.m.,11:56 a.m.,2080,12
1:00 p.m.,3:20 p.m. (Runway),2081,404
,1:30 p.m.,2082,308
,3:21 p.m.,2083,309
,2:10 p.m.,2084,405
2:30 p.m.,5:42 p.m.,2085,310
12:00 p.m.,1:15 p.m.,2086,349
,8:03 p.m.,2087,311
,8:56 p.m.,2088,406
10:40 a.m.,2:46 p.m.,2089,20
,5:34 p.m.,2090,139
,3:33 p.m.,2091,407
7:15 a.m.,10:36 a.m.,2092,22
6:30 p.m.,,2093,2
6:45 p.m.,8:53 p.m.,2094,23
7:15 p.m.,,2095,94
,7:58 p.m.,2096,312
9:15 a.m.,12:09 p.m.,2097,313
6:00 a.m.,7:51 a.m.,2098,25
7:10 a.m.,9:31 a.m.,2099,26
,7:55 p.m.,2100,182
3:50 p.m.,6:38 p.m.,2101,355
,7:36 p.m.,2102,315
8:00 p.m.,9:53 p.m.,2103,28
,6:34 p.m.,2104,316
,10:47 a.m.,2105,174
,3:04 p.m.,2106,93
1:33 p.m.,4:23 p.m.,2107,317
12:15 p.m.,2:50 p.m.,2108,4
,4:17 p.m.,2109,318
11:55 p.m.,,2110,31
4:25 p.m.,,2111,319
9:00 p.m.,,2112,32
8:25 p.m.,,2113,33
6:59 a.m.,10:04 a.m.,2114,34
8:35 a.m.,11:44 a.m.,2115,35
,9:13 a.m.,2116,115
1:30 p.m.,,2117,36
,4:59 p.m.,2118,320
,8:45 a.m.,2119,321
11:08 p.m.,,2120,119
5:30 p.m.,,2121,211
,8:02 a.m.,2122,322
,2:00 p.m.,2123,408
,9:20 p.m.,2124,409
,4:44 p.m.,2125,410
,7:10 p.m.,2126,303
,11:45 a.m.,2127,411
2:35 p.m.,3:43 p.m.,2128,38
2:55 p.m.,5:43 p.m.,2129,39
7:15 a.m.,11:06 a.m.,2130,40
12:10 p.m.,1:43 p.m.,2131,41
7:55 a.m.,11:01 a.m.,2132,11
,12:09 p.m.,2133,324
1:05 p.m.,3:13 p.m.,2134,42
,10:16 a.m.,2135,412
3:05 p.m.,6:43 p.m.,2136,44
7:30 a.m.,8:06 a.m.,2137,13
,4:56 p.m.,2138,325
4:00 p.m.,6:15 p.m.,2139,46
11:35 a.m.,2:27 p.m.,2140,19
7:25 a.m.,11:06 a.m.,2141,17
,5:26 p.m.,2142,326
11:55 a.m.,5:38 p.m.,2143,373
10:40 a.m.,12:50 p.m.,2144,30
6:45 a.m.,7:40 a.m.,2145,18
4:00 p.m.,6:36 p.m.,2146,328
6:00 a.m.,6:19 a.m.,2147,48
7:10 a.m.,11:12 a.m.,2148,49
7:10 a.m.,3:14 p.m.,2149,47
11:25 a.m.,,2150,57
,,2151,402
,,2152,402
4:16 p.m.,,2153,269
,,2154,402
7:10 a.m.,9:22 a.m.,2155,146
,10:29 p.m.,2156,294
6:40 a.m.,9:28 a.m.,2157,3
8:00 a.m.,11:58 a.m.,2158,295
,9:43 a.m.,2159,296
7:45 p.m.,,2160,1
12:00 p.m.,3:16 p.m.,2161,24
3:27 p.m.,5:17 p.m.,2162,153
,3:31 p.m.,2163,297
,11:21 a.m.,2164,298
11:25 p.m.,,2165,5
,7:17 a.m.,2166,299
,5:26 a.m.,2167,300
4:00 p.m.,6:25 p.m.,2168,159
,9:09 a.m.,2169,160
,1:19 p.m.,2170,301
9:05 a.m.,1:18 p.m.,2171,162
,9:56 a.m.,2172,67
7:00 a.m.,9:45 a.m.,2173,6
4:15 p.m.,7:39 p.m.,2174,7
,1:40 p.m.,2175,302
,7:10 p.m.,2176,303
,11:32 a.m.,2177,304
,5:00 p.m.,2178,76
11:50 a.m.,4:09 p.m.,2179,8
,1:14 p.m.,2180,305
6:00 a.m.,9:05 a.m.,2181,9
11:05 a.m.,5:03 p.m.,2182,172
,10:27 a.m.,2183,306
,10:56 a.m.,2184,307
10:15 a.m.,11:50 a.m.,2185,175
1:00 p.m.,3:19 p.m.,2186,176
,1:30 p.m.,2187,308
,3:21 p.m.,2188,309
,2:01 p.m.,2189,179
2:30 p.m.,5:42 p.m.,2190,310
12:00 p.m.,1:14 p.m.,2191,181
,8:03 p.m.,2192,311
,9:38 p.m.,2193,183
10:40 a.m.,2:46 p.m.,2194,20
,5:34 p.m.,2195,139
,3:25 p.m.,2196,154
7:15 a.m.,10:29 a.m.,2197,186
6:30 p.m.,,2198,2
6:45 p.m.,8:43 p.m.,2199,188
7:15 p.m.,,2200,94
,7:58 p.m.,2201,312
9:15 a.m.,12:09 p.m.,2202,313
6:00 a.m.,7:51 a.m.,2203,25
7:10 a.m.,9:29 a.m.,2204,192
,7:53 p.m.,2205,190
3:50 p.m.,6:35 p.m.,2206,314
,7:36 p.m.,2207,315
8:00 p.m.,9:49 p.m.,2208,195
,6:34 p.m.,2209,316
,10:45 a.m.,2210,197
10:40 a.m.,3:04 p.m.,2211,29
1:33 p.m.,4:23 p.m.,2212,317
12:15 p.m.,2:52 p.m.,2213,200
,4:17 p.m.,2214,318
11:55 p.m.,,2215,31
4:25 p.m.,,2216,319
9:00 p.m.,,2217,32
8:25 p.m.,,2218,33
6:59 a.m.,10:04 a.m.,2219,34
8:35 a.m.,11:44 a.m.,2220,35
,9:13 a.m.,2221,115
1:30 p.m.,,2222,36
,4:59 p.m.,2223,320
,8:45 a.m.,2224,321
11:08 p.m.,,2225,119
5:30 p.m.,,2226,211
,8:02 a.m.,2227,322
,2:02 p.m.,2228,213
,9:11 p.m.,2229,214
,4:24 p.m.,2230,215
,7:10 p.m.,2231,303
,12:12 p.m.,2232,323
2:35 p.m.,3:36 p.m.,2233,217
2:55 p.m.,5:34 p.m.,2234,218
7:15 a.m.,11:07 a.m.,2235,219
12:10 p.m.,1:43 p.m.,2236,41
7:55 a.m.,11:00 a.m.,2237,221
,12:09 p.m.,2238,324
1:05 p.m.,3:01 p.m.,2239,223
,10:10 a.m.,2240,224
3:05 p.m.,6:43 p.m.,2241,44
7:30 a.m.,7:57 a.m.,2242,226
,4:56 p.m.,2243,325
4:00 p.m.,6:09 p.m.,2244,228
11:35 a.m.,2:27 p.m.,2245,19
7:25 a.m.,11:06 a.m.,2246,17
,5:26 p.m.,2247,326
11:55 a.m.,6:17 p.m.,2248,327
10:40 a.m.,12:48 p.m.,2249,233
6:45 a.m.,7:32 a.m.,2250,234
4:00 p.m.,6:36 p.m.,2251,328
6:00 a.m.,6:19 a.m.,2252,48
7:10 a.m.,11:12 a.m.,2253,49
7:10 a.m.,3:14 p.m.,2254,47
7:10 a.m.,9:22 a.m.,2255,146
6:40 a.m.,9:14 a.m.,2256,530
7:00 p.m.,10:24 p.m.,2257,531
8:41 a.m.,9:44 a.m.,2258,418
7:45 p.m.,10:28 p.m.,2259,532
11:25 p.m.,6:55 a.m.,2260,533
4:00 p.m.,6:23 p.m.,2261,534
7:35 a.m.,9:08 a.m.,2262,535
7:00 a.m.,9:29 a.m.,2263,536
4:15 p.m.,7:37 p.m.,2264,537
9:05 a.m.,1:11 p.m.,2265,257
11:50 a.m.,3:59 p.m.,2266,538
11:40 a.m.,1:07 p.m.,2267,539
6:00 a.m.,8:50 a.m.,2268,252
11:05 a.m.,4:57 p.m.,2269,417
7:55 a.m.,10:58 a.m.,2270,540
10:15 a.m.,11:50 a.m.,2271,175
7:30 a.m.,7:59 a.m.,2272,541
1:00 p.m.,3:13 p.m.,2273,256
6:45 a.m.,7:35 a.m.,2274,542
12:15 p.m.,2:40 p.m.,2275,543
12:30 p.m.,3:07 p.m.,2276,544
2:30 p.m.,5:27 p.m.,2277,545
12:00 p.m.,1:08 p.m.,2278,546
5:25 p.m.,7:43 p.m.,2279,422
7:25 a.m.,10:43 a.m.,2280,416
7:27 p.m.,8:46 p.m.,2281,424
11:35 a.m.,2:21 p.m.,2282,547
10:40 a.m.,2:39 p.m.,2283,548
3:35 p.m.,3:26 p.m.,2284,425
7:15 a.m.,10:29 a.m.,2285,186
6:30 p.m.,7:25 p.m.,2286,415
6:45 p.m.,8:38 p.m.,2287,428
12:00 p.m.,3:04 p.m.,2288,549
7:15 p.m.,12:02 a.m.,2289,421
9:15 a.m.,12:02 p.m.,2290,550
6:00 a.m.,7:49 a.m.,2291,413
7:10 a.m.,9:26 a.m.,2292,414
4:55 p.m.,7:43 p.m.,2293,551
3:50 p.m.,6:34 p.m.,2294,552
8:00 p.m.,9:47 p.m.,2295,553
10:40 a.m.,2:58 p.m.,2296,554
1:33 p.m.,4:20 p.m.,2297,419
1:29 p.m.,4:06 p.m.,2298,555
4:25 p.m.,12:19 a.m.,2299,556
9:00 p.m.,12:01 a.m.,2300,557
8:25 p.m.,11:35 p.m.,2301,420
6:59 a.m.,9:45 a.m.,2302,558
8:35 a.m.,11:33 a.m.,2303,559
1:30 p.m.,3:40 p.m.,2304,560
11:08 p.m.,5:21 a.m.,2305,561
5:30 p.m.,6:56 p.m.,2306,562
8:20 p.m.,9:11 p.m.,2307,563
2:35 p.m.,3:36 p.m.,2308,217
2:55 p.m.,5:39 p.m.,2309,564
7:15 a.m.,11:04 a.m.,2310,283
12:10 p.m.,1:42 p.m.,2311,565
1:05 p.m.,2:49 p.m.,2312,287
3:05 p.m.,6:30 p.m.,2313,429
4:00 p.m.,6:11 p.m.,2314,423
7:10 a.m.,3:12 p.m.,2315,566
11:55 a.m.,5:34 p.m.,2316,567
10:40 a.m.,12:37 p.m.,2317,568
4:00 p.m.,6:33 p.m.,2318,235
6:00 a.m.,6:09 a.m.,2319,426
7:10 a.m.,10:52 a.m.,2320,427
7:10 a.m.,9:32 a.m.,2321,0
6:40 a.m.,9:28 a.m.,2322,3
8:00 a.m.,11:58 a.m.,2323,295
7:45 p.m.,10:30 p.m. (Estimated),2324,331
6:30 p.m.,7:25 p.m. (Estimated runway),2325,332
7:15 p.m.,12:21 a.m. (Estimated),2326,353
3:27 p.m.,5:17 p.m.,2327,153
11:25 p.m.,6:35 a.m. (Estimated runway),2328,334
4:00 p.m.,6:28 p.m.,2329,337
7:00 a.m.,9:45 a.m.,2330,6
4:15 p.m.,7:39 p.m.,2331,7
9:05 a.m.,1:27 p.m.,2332,15
11:50 a.m.,4:09 p.m.,2333,8
6:00 a.m.,9:05 a.m.,2334,9
11:05 a.m.,5:05 p.m.,2335,344
7:55 a.m.,11:01 a.m.,2336,11
10:15 a.m.,11:56 a.m.,2337,12
7:30 a.m.,8:06 a.m.,2338,13
1:00 p.m.,3:20 p.m. (runway),2339,347
6:45 a.m.,7:40 a.m.,2340,18
12:15 p.m.,2:50 p.m.,2341,4
12:00 p.m.,1:15 p.m.,2342,349
7:25 a.m.,11:06 a.m.,2343,17
11:35 a.m.,2:27 p.m.,2344,19
10:40 a.m.,2:46 p.m.,2345,20
7:15 a.m.,10:36 a.m.,2346,22
6:45 p.m.,8:53 p.m.,2347,23
12:00 p.m.,3:16 p.m.,2348,24
9:15 a.m.,12:09 p.m.,2349,313
6:00 a.m.,7:51 a.m.,2350,25
7:10 a.m.,9:31 a.m.,2351,26
3:50 p.m.,6:38 p.m.,2352,355
8:00 p.m.,9:53 p.m.,2353,28
1:33 p.m.,4:23 p.m.,2354,317
11:55 p.m.,5:42 a.m. (Estimated runway),2355,360
4:25 p.m.,12:01 a.m. (Estimated runway),2356,361
9:00 p.m.,11:49 p.m. (Estimated runway),2357,362
8:25 p.m.,11:35 p.m. (Estimated runway),2358,363
6:59 a.m.,10:04 a.m.,2359,34
8:35 a.m.,11:44 a.m.,2360,35
2:30 p.m.,5:42 p.m.,2361,310
1:30 p.m.,3:29 p.m. (Estimated runway),2362,577
2:35 p.m.,3:43 p.m.,2363,38
2:55 p.m.,5:43 p.m.,2364,39
7:15 a.m.,11:06 a.m.,2365,40
12:10 p.m.,1:43 p.m.,2366,41
1:05 p.m.,3:13 p.m.,2367,42
3:05 p.m.,6:43 p.m.,2368,44
4:00 p.m.,6:15 p.m.,2369,46
7:10 a.m.,3:14 p.m.,2370,47
11:55 a.m.,5:38 p.m.,2371,373
10:40 a.m.,12:50 p.m.,2372,30
4:00 p.m.,6:36 p.m.,2373,328
6:00 a.m.,6:19 a.m.,2374,48
7:10 a.m.,11:12 a.m.,2375,49
